-- phpMyAdmin SQL Dump
-- version 4.1.12
-- http://www.phpmyadmin.net
--
-- Servidor: 127.0.0.1
-- Tiempo de generación: 13-01-2015 a las 19:55:47
-- Versión del servidor: 5.5.36
-- Versión de PHP: 5.4.27

SET SQL_MODE = "NO_AUTO_VALUE_ON_ZERO";
SET time_zone = "+00:00";


/*!40101 SET @OLD_CHARACTER_SET_CLIENT=@@CHARACTER_SET_CLIENT */;
/*!40101 SET @OLD_CHARACTER_SET_RESULTS=@@CHARACTER_SET_RESULTS */;
/*!40101 SET @OLD_COLLATION_CONNECTION=@@COLLATION_CONNECTION */;
/*!40101 SET NAMES utf8 */;

--
-- Base de datos: `inventario`
--

-- --------------------------------------------------------

--
-- Estructura de tabla para la tabla `activo`
--

CREATE TABLE IF NOT EXISTS `activo` (
  `id` int(11) NOT NULL AUTO_INCREMENT,
  `categoria` varchar(50) NOT NULL,
  `subcategoria` varchar(50) NOT NULL,
  `descripcion` varchar(128) NOT NULL,
  `marca` varchar(16) NOT NULL,
  `modelo` varchar(32) NOT NULL,
  `precio_nuevo` int(11) NOT NULL,
  `precio_usado` int(11) NOT NULL,
  `vida` int(11) NOT NULL,
  `proveedor` varchar(50) NOT NULL,
  `ciudad_prov` varchar(32) NOT NULL,
  `tel_prov` varchar(16) NOT NULL,
  `foto` varchar(1024) NOT NULL,
  `comentario` varchar(256) NOT NULL,
  PRIMARY KEY (`id`),
  KEY `categoria` (`categoria`)
) ENGINE=InnoDB  DEFAULT CHARSET=latin1 AUTO_INCREMENT=201 ;

--
-- Volcado de datos para la tabla `activo`
--

INSERT INTO `activo` (`id`, `categoria`, `subcategoria`, `descripcion`, `marca`, `modelo`, `precio_nuevo`, `precio_usado`, `vida`, `proveedor`, `ciudad_prov`, `tel_prov`, `foto`, `comentario`) VALUES
(1, 'CONTROL DE ENTORNO Y SEGURIDAD', 'AIRE ACONDICIONADO', 'TIPO SPLIT', 'LG', 'VM122CE NB3', 0, 300, 12, '', '', '', 'http://www.lg.com/co/equipos-aire-acondicionado/lg-VM122CE/technical-specifications', ''),
(2, 'CONTROL DE ENTORNO Y SEGURIDAD', 'CONTROL REMOTO', 'AIRE ACONDICIONADO', 'LG', '', 0, 50, 0, '', '', '', 'http://s2.ak.static.aws.alkosto.com/media/ALKOSTO/contenido/LineaBlanca/controlaires_LG.jpg', ''),
(3, 'CONTROL DE ENTORNO Y SEGURIDAD', 'CAMARA DE VIGILANCIA', 'CCTV', 'SAMSUNG', 'SDC-5340BCN', 0, 60, 7, '', '', '', 'http://www.samsungsv.com/Product/Detail/21/Samsung-SDC-5340BC-Weatherproof-Night-Vision-Camera', ''),
(4, 'HARDWARE', 'TELEFONO', 'IP', 'POLYCOM', 'SOUNDPOINT IP 330 SIP', 0, 75, 2, '', '', '', 'http://support.polycom.com/global/documents/support/user/products/voice/SoundPoint_IP330_UserGuide_SIP3_0_Eng_Rev_C.pdf', ''),
(5, 'CONTROL DE ENTORNO Y SEGURIDAD', 'AIRE ACONDICIONADO', 'TIPO SPLIT', 'LG', 'VM242CE', 0, 400, 12, '', '', '', 'http://www.lg.com/mx/aire-acondicionado-split/lg-VM242CE-lg-econo-inverter', ''),
(6, 'HARDWARE', 'COMPUTADOR', 'PC-AIO', 'APPLE', 'IMAC 24" EARLY 2009', 0, 450, 0, '', '', '', 'http://www.muycomputer.com/files/HIDDEN_264_12491_FOTO_imac-9.jpg', ''),
(7, 'HARDWARE', 'COMPUTADOR', 'PC-AIO', 'DELL', 'OPTIPLEX 9020', 0, 700, 5, '', '', '', 'http://img.notebooksbilliger.de/images/misc/dell_aio_optiplex9020_banner.jpg', ''),
(8, 'HARDWARE', 'COMPUTADOR', 'PC-AIO', 'APPLE', 'IMAC 27" LATE 2012', 0, 1500, 5, '', '', '', 'http://support.apple.com/library/APPLE/APPLECARE_ALLGEOS/SP667/sp667_imac_27inch_late2012_display.jpg', ''),
(9, 'HARDWARE', 'DISCO DURO', 'EXTERNO 1TB', 'SAMSUNG', 'HX-M101TCB/G', 0, 50, 3, '', '', '', 'http://btpar.com.tr/en/harici-diskler/36-samsung-hx-m101tcbg-1tb-25-usb-30-harici-disk.html', ''),
(10, 'HARDWARE', 'TELEFONO', 'IP', 'POLYCOM', 'SOUNDPOINT IP 320 SIP', 0, 75, 2, '', '', '', 'http://support.polycom.com/global/documents/support/user/products/voice/SoundPoint_IP330_UserGuide_SIP3_0_Eng_Rev_C.pdf', ''),
(11, 'HARDWARE', 'COMPUTADOR', 'PC-DESKTOP', 'DELL', 'OPTIPLEX 320', 0, 200, 0, '', '', '', 'https://atcostpc.com/productimages/xl/OPTIPLEX-320-CEL18-R.jpg', ''),
(12, 'HARDWARE', 'COMPUTADOR', 'PC-AIO', 'DELL', 'VOSTRO 360', 0, 600, 4, '', '', '', 'http://en.community.dell.com/cfs-file/__key/communityserver-blogs-components-weblogfiles/00-00-00-00-07-metablogapi/3666.Dell_2D00_Vostro_2D00_360_2D00_All_2D00_in_2D00_One_2D00_desktop_5F00_44BEAE52.jpg', ''),
(13, 'MUEBLE E INMUEBLE', 'SOPORTE TELEVISOR', '', '', '', 0, 25, 0, '', '', '', '', ''),
(14, 'HARDWARE', 'COMPUTADOR', 'PORTATIL', 'DELL', 'VOSTRO 3400', 0, 400, 2, '', '', '', 'http://www.price.com.hk/space/product/130000/130155_758611_0.jpg', ''),
(15, 'HARDWARE', 'PANTALLA', 'LCD', 'SAMSUNG', 'SYNCMASTER 740N', 0, 75, 2, '', '', '', 'http://www.ccpowerpc.com.au/zencart/images/samsung740n.jpg', ''),
(16, 'HARDWARE', 'MOUSE', 'MAGIC MOUSE', 'APPLE', 'A1296 3VDC', 0, 50, 2, '', '', '', 'http://rongbay10.vcmedia.vn/thumb_max/up_new/2014/07/18/0/201407160809___35.jpg', ''),
(17, 'HARDWARE', 'TECLADO', 'APPLE WIRELESS KEYBOARD', 'APPLE', 'A1314', 0, 70, 3, '', '', '', 'http://www.digicircle.com/images/product_image/AppleWireless%20Keyboard%20A1314.gif', ''),
(18, 'HARDWARE', 'TECLADO', 'APPLE KEYBOARD', 'APPLE', 'A1243', 0, 50, 3, '', '', '', 'http://www.usedcomp.de/infos/Apple-Alu-Tastatur-A1243.jpg', ''),
(19, 'HARDWARE', 'COMPUTADOR', 'PORTATIL', 'DELL', 'INSPIRON 1440', 0, 500, 3, '', '', '', 'http://www.mihanmarket.com/Images/Products/ProductImages/3584_361210668_Dell_Inspiron_1440.jpg', ''),
(20, 'HARDWARE', 'TECLADO', 'USUARIOS: 68 GUARDADOS: 34', 'GENERAL', 'GENERAL TOTAL: 102', 0, 1020, 3, '', '', '', 'http://web.polux.com.co/productos/p_GMXU_2.jpg', 'TOTAL DE TODOS LOS TECLADOS EN LA EMPRESA.'),
(21, 'HARDWARE', 'MOUSE', 'USUARIOS: 94 GUARDADOS: 19', 'GENERAL', 'GENERAL TOTAL: 113', 0, 565, 2, '', '', '', 'http://linhkienso1.com/uploads/files/chuot%20dell%20n889.jpg', 'TOTAL DE TODOS LOS MOUSE EN LA EMPRESA.'),
(22, 'HARDWARE', 'PANTALLA', '', 'SAMSUNG', 'SYNCMASTER 591S', 0, 75, 2, '', '', '', '', ''),
(23, 'HARDWARE', 'IMPRESORA', '', 'HP', 'LASERJET M1522NF', 0, 260, 2, '', '', '', '', ''),
(24, 'HARDWARE', 'IMPRESORA', '', 'HP', 'LASERJET PRO 400 MFP M475DW', 0, 250, 2, '', '', '', '', ''),
(25, 'HARDWARE', 'PANTALLA', 'LCD', 'DELL', 'E178FPC', 0, 75, 2, '', '', '', 'http://www.compucanjes.com/prod_images/0000016067_1.jpeg', ''),
(26, 'SOFTWARE', 'OFFICE', '', 'MICROSOFT', 'OFFICE 2013 PROFESSIONAL PI ONLI', 0, 200, 9, '', '', '', '', ''),
(27, 'HARDWARE', 'PANTALLA', 'LCD', 'DELL', 'E178FPB', 0, 75, 2, '', '', '', 'http://www.calculatoaresecondhand.info/media/catalog/product/cache/1/image/9df78eab33525d08d6e5fb8d27136e95/1/3/1305151635_199039114_1-monitor-lcd-de-17-pulgadas-modelo-e178fpb-semi-nuevo-col-viaducto-x-metro-viaducto.jpg', ''),
(28, 'SOFTWARE', 'WINDOWS', '', 'MICROSOFT', 'WINDOWS SERVER 2008 R2 ONLINE OR', 0, 350, 6, '', '', '', '', ''),
(29, 'HARDWARE', 'COMPUTADOR', 'PORTATIL', 'DELL', 'VOSTRO 3450', 0, 500, 2, '', '', '', 'http://i.dell.com/images/global/products/vostronb/vostronb_highlights/vostro-3450-product-details-design1.jpg', ''),
(30, 'SOFTWARE', 'PROGRESS', '', 'NOMICOMP', 'PROGRESS', 0, 600, 3, '', '', '', '', ''),
(31, 'HARDWARE', 'IMPRESORA', 'LASERJET', 'HP', 'LASERJET P3005DN', 0, 100, 0, '', '', '', 'http://images.amazon.com/images/G/01/electronics/detail-page/P3005-lg.jpg', ''),
(32, 'HARDWARE', 'COMPUTADOR', 'PC-AIO', 'DELL', 'OPTIPLEX 9010', 0, 650, 4, '', '', '', 'http://www.etechmag.com/wp-content/uploads/2013/10/OptiPlex-9010-AIO.png', ''),
(33, 'HARDWARE', 'AUDIFONOS', '', 'X-KIM', 'PX-312', 0, 10, 0, '', '', '', 'http://www.x-kim.com/wp-content/uploads/2014/03/PX-3012-744x450.jpg', ''),
(34, 'HARDWARE', 'MANOS LIBRES', 'DUOSET (USUARIOS: 31 GUARDADOS: 24)', 'PLANTRONICS', 'H141 TOTAL: 55', 0, 1100, 0, '', '', '', 'http://www.plantronics.com/images/catalog/product_pngs/h141.png', 'TOTAL DE TODAS LAS DIADEMAS EN LA EMPRESA.'),
(35, 'HARDWARE', 'TELEFONO', '', 'GRANDSTREAM', 'BT-100', 0, 15, 0, '', '', '', 'http://nathan.chantrell.net/blog/wp-content/uploads/2009/07/Grandstream-Budge-Tone-100.jpg', ''),
(36, 'HARDWARE', 'COMPUTADOR', 'PORTATIL', 'DELL', 'VOSTRO 3460', 0, 500, 2, '', '', '', 'http://www.crcompus.com/imagenes/laptops/Dell/Vostro%203460%203.jpg', ''),
(37, 'HARDWARE', 'CELULAR', '', 'MOTOROLA', 'MOTO G', 0, 150, 2, '', '', '', 'http://www.movilzona.es/wp-content/uploads/2014/06/Moto-G-4G_White.jpg', ''),
(38, 'HARDWARE', 'NUMPAD', '', 'GENIUS', 'GK-060023', 0, 20, 2, '', '', '', 'https://encrypted-tbn3.gstatic.com/images?q=tbn:ANd9GcSwxHagJQs76Hz2KKdzi-nBS_uvDahl_OvgINwCHCzonUeFyD3U', ''),
(39, 'SOFTWARE', 'EMPREWARE', '', 'EMPREWARE', 'EMPREWARE PLAN DE NEOGICO', 0, 100, 5, '', '', '', '', ''),
(40, 'SOFTWARE', 'MAC', '', 'APPLE', 'OS X LION SINGLE UNIT-INT', 0, 35, 0, '', '', '', '', ''),
(41, 'HARDWARE', 'TABLET', '', 'APPLE', 'IPAD 2 MC775LL/A', 0, 260, 2, '', '', '', 'http://asica1.com/image/cache/data/1918265_sa-500x500.jpg', ''),
(42, 'HARDWARE', 'MODEM INALAMBRICO', '', 'UNE', 'QUANTA QDP', 0, 100, 2, '', '', '', 'http://img.clasf.co/2014/02/08/Asesor-comercial-20140208151834.jpg', ''),
(43, 'HARDWARE', 'IMPRESORA', '', 'HP', 'LASERJET PRO CM1415FN COLOR MFP', 0, 500, 3, '', '', '', 'http://zapp5.staticworld.net/reviews/graphics/products/uploaded/hp_laserjet_pro_cm1415fnw_color_mfp_667623_g1.jpg', ''),
(44, 'HARDWARE', 'IMPRESORA', '', 'HP', 'LASERJET 3055', 0, 100, 0, '', '', '', 'http://wiki.robotz.com/images/f/fa/LJ3052front.jpg', ''),
(45, 'HARDWARE', 'PANTALLA', '', 'DELL', 'E153FPC', 0, 75, 2, '', '', '', 'http://images.geeksimages.com/imageshare/E/300x300/E153FPC-B-unit.jpg', ''),
(46, 'HARDWARE', 'COMPUTADOR', 'PC-DESKTOP', 'DELL', 'OPTIPLEX 170L', 0, 100, 0, '', '', '', 'http://tech.madcatsden.com/Resources/DCSE/Desktops/Optiplex/170L/images/prod_shot.gif', ''),
(47, 'SOFTWARE', 'EUROWIN', '', 'EDENIA NETWORK', 'EUROWIN COLOMBIA', 0, 7650, 5, '', '', '', '', ''),
(48, 'HARDWARE', 'FAX', '', 'PANASONIC', 'KX-FT901LA', 0, 30, 0, '', '', '', 'http://www.chipoly.com/images/panasonic/KX-FT901LA-B.jpg', ''),
(49, 'HARDWARE', 'PANTALLA', '', 'DELL', 'E178FPV', 0, 75, 2, '', '', '', 'http://images.geeksimages.com/imageshare/E/300x300/E178FPV-B-unit.jpg', ''),
(50, 'CONTROL DE ENTORNO Y SEGURIDAD', 'AIRE ACONDICIONADO', 'INVERTER CEILING CASSETTE', 'LG', 'ATNQ36GMLE3', 0, 1000, 12, '', '', '', 'http://img.curitibaar.com.br/img/products/ar-condicionado-cassete-inverter-lg-35-000-btus-h-frio-220v-atnq36gmle3_2_600.jpg', ''),
(51, 'HARDWARE', 'SWITCH', '', 'D-LINK', 'DES-1016D', 0, 50, 0, '', '', '', 'http://www.dlink.com/-/media/Images/Products/DES/1016D/DES1016DF1Image%20LFront.png', ''),
(52, 'HARDWARE', 'ROUTER', '', 'FORTINET', 'FORTIGATE-60D', 0, 750, 7, '', '', '', 'http://www.fortinet.co.jp/images/products/fortigate/FG-60D_Ft-Top.png', ''),
(53, 'HARDWARE', 'ACCESS POINT', '', 'FORTINET', 'FORTIAP-210B', 0, 450, 7, '', '', '', 'https://www.google.com/search?q=FORTIAP-210B&client=ubuntu&hs=MdW&channel=fs&source=lnms&tbm=isch&sa=X&ei=SIUgVNK5D5S5ogS2uYKICA&ved=0CAgQ_AUoAQ#facrc=_&imgdii=_&imgrc=lrrZRemz0fJ2vM%253A%3BqaMq0wOMTsLPPM%3Bhttp%253A%252F%252Fwww.fortinet.com%252Fsites%252Fdefault%252Ffiles%252Fproductimages%252Ffap_210B_ft_top.png%3Bhttp%253A%252F%252Fwww.fortinet.com%252Fproducts%252Ffortiap%252Findoor-ap.html%3B500%3B241', ''),
(54, 'HARDWARE', 'ACCESS POINT', '', 'FORTINET', 'FORTIAP-14C', 0, 135, 7, '', '', '', 'http://www.fortinet.com/sites/default/files/productimages/FAP-14C.png', ''),
(55, 'SOFTWARE', 'ADOBE', '', 'ADOBE', 'ACROBAT X STANDARD', 0, 150, 3, '', '', '', '', ''),
(56, 'HARDWARE', 'IMPRESORA', '', 'HP', 'LASERJET PRO 400 MFP M475DN', 0, 250, 2, '', '', '', 'https://www.google.com.co/url?sa=i&rct=j&q=&esrc=s&source=images&cd=&cad=rja&uact=8&docid=dWqaXzDPS3eVjM&tbnid=Io6oiR9IIMa0iM:&ved=0CAcQjRw&url=http%3A%2F%2Fwww.shopping.hp.com%2Fen_US%2Fhome-office%2F-%2Fproducts%2FPrinters%2FHP-LaserJet%2FCF286A%3FHP-LaserJet-Pro-400-MFP-M425dn&ei=U-46VM-MAo25ogTN0YGQBw&bvm=bv.77161500,d.cGU&psig=AFQjCNHv8EKRPGZtVSPs_nIjvK3HHyaZSA&ust=1413234640975565', ''),
(57, 'HARDWARE', 'IMPRESORA', '', 'HP', 'LASERJET P1005', 0, 150, 3, '', '', '', '', ''),
(58, 'HARDWARE', 'UPS', '', 'MINUTE MAN POWER', 'ED2000RM2U', 0, 1000, 4, '', '', '', 'http://www.minutemanups.com/images/endeavor_rack_front.jpg', ''),
(59, 'HARDWARE', 'IMPRESORA', 'ETIQUETADORA', 'DYMO', 'LETRATAG', 0, 60, 4, '', '', '', 'http://i.walmartimages.com/i/p/00/07/17/01/21/0007170121455_500X500.jpg', ''),
(60, 'SOFTWARE', 'ADOBE', '', 'ADOBE', 'DESIGN AND WEB PREM CS6 6.0 MLP', 0, 2730, 5, '', '', '', '', ''),
(61, 'HARDWARE', 'COMPUTADOR', 'PORTATIL', 'DELL', 'VOSTRO 5470', 0, 600, 4, '', '', '', 'http://i.dell.com/sites/imagecontent/products/PublishingImages/vostro/5470/laptop-vostro-5470-love-pdp-2.jpg', ''),
(62, 'HARDWARE', 'TELEFONO', '', 'POLYCOM', 'SOUNDPOINT IP670', 0, 150, 2, '', '', '', 'http://www.polycom.es/content/dam/polycom/www/images/products/voice/desktop/soundpoint-670-lg-a.png', ''),
(63, 'HARDWARE', 'FAX', '', 'PANASONIC', 'KX-FT21LA', 0, 30, 0, '', '', '', 'http://www.sv.all.biz/img/sv/catalog/1982.png', ''),
(64, 'HARDWARE', 'PANTALLA', '', 'DELL', 'E176FPC', 0, 75, 2, '', '', '', 'http://www.compucanjes.com/prod_images/0000015717_1.jpeg', ''),
(65, 'HARDWARE', 'LAMPARA LUZ NEGRA', 'CHEQUEADORA DE BILLETES', 'MUNDIAL', '', 0, 25, 0, '', '', '', '', ''),
(66, 'HARDWARE', 'TELEFONO', 'PARA CONFERENCIAS', 'POLYCOM', 'SOUNDSTATION IP4000', 0, 200, 10, '', '', '', 'http://www.digiumcards.com/digium_ebay/ip4000.jpg', ''),
(67, 'HARDWARE', 'PROYECTOR', '', 'EPSON', 'H430A', 0, 400, 2, '', '', '', 'http://pcshows.com.ar/media/catalog/product/cache/1/image/9df78eab33525d08d6e5fb8d27136e95/0/6/0600604400005.jpg', ''),
(68, 'HARDWARE', 'IMPRESORA', '', 'HP', 'LASERJET P1006', 0, 40, 0, '', '', '', 'http://www.appinformatica.com/imf/impresoras-hp-laserjet-p1006-2g.jpg', ''),
(69, 'SOFTWARE', 'ADOBE', '', 'ADOBE', 'DESIGN STD CS6 6.0 MLP', 0, 1740, 5, '', '', '', '', ''),
(70, 'HARDWARE', 'SWITCH', '', 'DELL', 'POWERCONNECT 2824', 0, 100, 2, '', '', '', 'http://media.optiodata.com/catalog/product/cache/7/image/9df78eab33525d08d6e5fb8d27136e95/p/o/powerconnect-2824.png', ''),
(71, 'HARDWARE', 'TELEFONO', '', 'GRANDSTREAM', 'BT-200', 0, 15, 0, '', '', '', 'http://mgraves.org/wp-content/uploads/Grandstream-BT-200.jpg', ''),
(72, 'HARDWARE', 'IMPRESORA', '', 'HP', 'LASERJET PRO 400 MFP M425DN', 0, 250, 2, '', '', '', 'https://www.google.com.co/url?sa=i&rct=j&q=&esrc=s&source=images&cd=&cad=rja&uact=8&docid=dWqaXzDPS3eVjM&tbnid=Io6oiR9IIMa0iM:&ved=0CAcQjRw&url=http%3A%2F%2Fwww.shopping.hp.com%2Fen_US%2Fhome-office%2F-%2Fproducts%2FPrinters%2FHP-LaserJet%2FCF286A%3FHP-LaserJet-Pro-400-MFP-M425dn&ei=U-46VM-MAo25ogTN0YGQBw&bvm=bv.77161500,d.cGU&psig=AFQjCNHv8EKRPGZtVSPs_nIjvK3HHyaZSA&ust=1413234640975565', ''),
(73, 'HARDWARE', 'COMPUTADOR', 'PORTATIL', 'DELL', 'LATITUDE 3440', 0, 500, 2, '', '', '', 'https://www.google.com.co/url?sa=i&rct=j&q=&esrc=s&source=images&cd=&cad=rja&uact=8&docid=nOEqvEFAwTU3KM&tbnid=A7UQOx-0lhCbKM:&ved=0CAcQjRw&url=http%3A%2F%2Fwww.notebookcheck.net%2FReview-Dell-Latitude-3440-Notebook.107084.0.html&ei=DPA6VIvVLY3foAT4_oDIDg&psig=AFQjCNElQ-OEWXFy56Zx4ol0ZV4ydWcflw&ust=1413235002093665', ''),
(74, 'HARDWARE', 'TELEFONO', 'IP', 'POLYCOM', 'SOUNDPOINT IP 301 SIP', 0, 20, 0, '', '', '', 'https://www.google.com.co/url?sa=i&rct=j&q=&esrc=s&source=images&cd=&cad=rja&uact=8&docid=RlMgUK0HdXK_dM&tbnid=tgpxccG1oomlRM:&ved=0CAcQjRw&url=http%3A%2F%2Fwww.telephonyware.com%2Ftelephonyware%2Fproducts%2Fpolycom-ip-301.html&ei=9_I6VIbXMYipogT1q4DoDQ&psig=AFQjCNFY8kgUc0WnjIWp_JIZWYX-jp1VeQ&ust=1413235817078187', ''),
(75, 'HARDWARE', 'IMPRESORA', '', 'HP', 'LASERJET 3052', 0, 250, 2, '', '', '', 'https://www.google.com.co/url?sa=i&rct=j&q=&esrc=s&source=images&cd=&cad=rja&uact=8&docid=PjdgDNlrAJyGzM&tbnid=ESYHSLO6xVhhjM:&ved=0CAcQjRw&url=http%3A%2F%2Fwww.amazon.com%2FHP-Laser-Jet-3052-Printer%2Fdp%2FB000E7LR7E&ei=6QQ7VP73FpHYoASM9YKwBg&psig=AFQjCNHhOvwL1d7Dfcv2fpiFLPFtscQ3pg&ust=1413240410561587', ''),
(76, 'HARDWARE', 'TELEFONO', '', 'CLARO', 'ITC-G009', 0, 10, 0, '', '', '', 'https://www.google.com.co/url?sa=i&rct=j&q=&esrc=s&source=images&cd=&cad=rja&uact=8&docid=tPmi2DYWuOuZ3M&tbnid=flDHFfZ_Z5gpoM:&ved=0CAcQjRw&url=http%3A%2F%2Fwww.preciolandia.com%2Fpe%2Ftelefono-fijo-modelo-itc-g009-claro-6sde4i-a.html&ei=YwY7VMOBAYfkoATPiYH4Dw&psig=AFQjCNEClBzQ_EeL0mIUY9JTY5Kbw-QEtA&ust=1413240778678834', ''),
(77, 'HARDWARE', 'IMPRESORA', '', 'EPSON', 'STYLUS TX 220', 0, 200, 2, '', '', '', 'https://www.google.com.pe/url?sa=i&rct=j&q=&esrc=s&source=images&cd=&cad=rja&uact=8&docid=YXcgfoiuaLugHM&tbnid=wLY8srlB4FikHM:&ved=0CAcQjRw&url=http%3A%2F%2Fpcel.com%2FEpson-C11CA81231-69815&ei=Ego7VLXyJ4LloASiu4HwAw&bvm=bv.77161500,d.cGU&psig=AFQjCNFERaGErLsofiz3pQy-pIoMRvGQ-Q&ust=1413241744229719', ''),
(78, 'HARDWARE', 'PANTALLA', '', 'SAMSUNG', 'SYNCMASTER SA300', 0, 75, 2, '', '', '', 'https://www.google.com.pe/url?sa=i&rct=j&q=&esrc=s&source=images&cd=&cad=rja&uact=8&docid=vBrV-t2oa2veIM&tbnid=9c84Qwv89hwxbM:&ved=0CAcQjRw&url=http%3A%2F%2Fgothehellnow.net%2Fsamsung-syncmaster-sa300-driver-t1711.html&ei=6wo7VNHCA4XooASUtILICQ&bvm=bv.77161500,d.cGU&psig=AFQjCNGZMOU--gXCXu5YlTO8yYLSVrRKLQ&ust=1413241948935146', ''),
(79, 'HARDWARE', 'DISCO DURO', 'EXTERNO 500GB', 'TOSHIBA', 'HDTB105XK3AA', 0, 50, 3, '', '', '', 'https://www.google.com.pe/url?sa=i&rct=j&q=&esrc=s&source=images&cd=&cad=rja&uact=8&docid=U1K4qt9rjX647M&tbnid=0Hz1Vxc6-v3J7M:&ved=0CAcQjRw&url=http%3A%2F%2Flatin.toshiba.com%2Faccesorios%2FHDTB105XK3AA&ei=Wgs7VM7KOcfjoASkq4CQBw&bvm=bv.77161500,d.cGU&psig=AFQjCNEvZqDCdEUGefdVsNVKWfxCdooCBw&ust=1413242072964311', ''),
(80, 'HARDWARE', 'DISCO DURO', 'INTERNO SATA 160GB', 'WESTERN DIGITAL', 'W1600AAJS', 0, 50, 3, '', '', '', 'https://www.google.com.pe/url?sa=i&rct=j&q=&esrc=s&source=images&cd=&cad=rja&uact=8&docid=IdNCrmof48nrqM&tbnid=K4GgYQ8M8JN1fM:&ved=0CAcQjRw&url=http%3A%2F%2Fwww.lelong.com.my%2Fwestern-digital-3-5-wd1600aajb-caviar-blue-ide-hard-disk-drive-160gb-chenchen89-134934910-2015-08-Sale-P.htm&ei=7ws7VKa9DpGqoQSmwILYDg&bvm=bv.77161500,d.cGU&psig=AFQjCNGpi5SLK0B_XfRRZ1KmKDBJA9IOKw&ust=1413242216848862', ''),
(81, 'HARDWARE', 'COMPUTADOR', '', 'DELL', 'POWEREDGE SC440', 0, 400, 2, '', '', '', 'https://www.google.com.pe/url?sa=i&rct=j&q=&esrc=s&source=images&cd=&cad=rja&uact=8&docid=RvbajPePR8AtNM&tbnid=mj8fmUUfSSGImM:&ved=0CAcQjRw&url=http%3A%2F%2Fwww.trustedreviews.com%2FDell-PowerEdge-SC440-review&ei=cQw7VOeLG4_xoAT71ICQDw&bvm=bv.77161500,d.cGU&psig=AFQjCNHswy3sXOYiik5ACYPs8RoGwCgK9A&ust=1413242350800400', ''),
(82, 'SOFTWARE', 'EUROWIN', '', 'EDENIA NETWORK', 'EUROWIN', 0, 900, 5, '', '', '', '', ''),
(83, 'SOFTWARE', 'DEEP FREEZE', '', 'FARONICS', 'DEEP FREEZE MAC (OS X)', 0, 45, 3, '', '', '', '', ''),
(84, 'SOFTWARE', 'OFFICE', '', 'MICROSOFT', 'OFFICE 2013', 0, 200, 9, '', '', '', '', ''),
(85, 'CONTROL DE ENTORNO Y SEGURIDAD', 'AIRE ACONDICIONADO', 'TIPO SPLIT', 'LG', 'SJ122HD', 0, 500, 12, '', '', '', 'https://www.google.com.pe/url?sa=i&rct=j&q=&esrc=s&source=images&cd=&cad=rja&uact=8&docid=U-iQPwSySF6OOM&tbnid=bL1xDePXs-RMgM:&ved=0CAcQjRw&url=http%3A%2F%2Fwww.lg.com%2Fpe%2Faire-acondicionado-residencial%2Flg-SJ122HD-split&ei=JhA7VPjPF4itogS84YCQAg&psig=AFQjCNH5Rldo6eOHMc0RGZ6ZyFEDT-shdQ&ust=1413243299855944', ''),
(86, 'HARDWARE', 'ROUTER', '', 'UBEE', 'DVW325GB', 0, 50, 0, '', '', '', 'https://www.google.com.pe/url?sa=i&rct=j&q=&esrc=s&source=images&cd=&cad=rja&uact=8&docid=bP8ZoeRaAiCSJM&tbnid=reOBN82DN-TXsM:&ved=0CAcQjRw&url=http%3A%2F%2Fwww.cablecable.info%2Fubee-cable-modem%2F&ei=uxE7VKK0GIqsogTD6YCYDw&bvm=bv.77161500,d.cGU&psig=AFQjCNF5CxO0VYTCBL81QLAmGq4qiZFU5g&ust=1413243694109273', ''),
(87, 'HARDWARE', 'SWITCH', '', 'DELL', 'POWERCONNECT 2224', 0, 25, 0, '', '', '', 'https://www.google.com.pe/url?sa=i&rct=j&q=&esrc=s&source=images&cd=&cad=rja&uact=8&docid=95ZD-J2eJAUM9M&tbnid=W6zJwUUECdPfuM:&ved=0CAcQjRw&url=http%3A%2F%2Fwww.ebay.com%2Fitm%2FDell-PowerConnect-2124-24-Port-Ethernet-Switch-3N437-%2F400080067632&ei=QBI7VIXbCYHtoATUxIGwBw&bvm=bv.77161500,d.cGU&psig=AFQjCNHi_94BoA36169boy-nCaivS2jdvg&ust=1413243820136792', ''),
(88, 'HARDWARE', 'MODEM', '', 'ZYXEL', 'PRESTIGE 600 SERIES', 0, 25, 0, '', '', '', 'https://www.google.com.pe/url?sa=i&rct=j&q=&esrc=s&source=images&cd=&cad=rja&uact=8&docid=w9DKvZH7DaaUMM&tbnid=MVi5oCjF97RWiM:&ved=0CAcQjRw&url=http%3A%2F%2Fen.wikipedia.org%2Fwiki%2FZyXEL&ei=7hI7VKKxFsvkoATo1IHACQ&bvm=bv.77161500,d.cGU&psig=AFQjCNFima4wz1c-LA9_YFtVE3cxIduvOw&ust=1413244002518544', ''),
(89, 'HARDWARE', 'ROUTER', '', 'D-LINK', 'DI-804HV', 0, 100, 2, '', '', '', 'https://www.google.com.pe/url?sa=i&rct=j&q=&esrc=s&source=images&cd=&cad=rja&uact=8&docid=mhh_Aqb8Pih8zM&tbnid=r8-uGaNXxLhnOM:&ved=0CAcQjRw&url=http%3A%2F%2Fwww.dlink.com.my%2Fproducts%2F%3Fidproduct%3D131&ei=ZRM7VP-IGM-YoQTpzYHYDA&bvm=bv.77161500,d.cGU&psig=AFQjCNGvsAYgKMzEmUJpstDMYFeXFLn0Rg&ust=1413244130976259', ''),
(90, 'SOFTWARE', 'OFFICE', '', 'MICROSOFT', 'OFFICE 2010', 0, 200, 6, '', '', '', '', ''),
(91, 'HARDWARE', 'COMPUTADOR', 'PORTATIL', 'COMPAQ', 'PRESARIO F500', 0, 500, 2, '', '', '', 'https://www.google.com.pe/url?sa=i&rct=j&q=&esrc=s&source=images&cd=&cad=rja&uact=8&docid=N2IWi-hwXeGVeM&tbnid=AfJXsmBLhUyyRM:&ved=0CAcQjRw&url=http%3A%2F%2Farticulo.mercadolibre.com.ar%2FMLA-526548762-bisagras-compaq-presario-f500-lcd-roto-_JM&ei=nBQ7VJLvHM_hoASW5YLwAw&bvm=bv.77161500,d.cGU&psig=AFQjCNFgzQHGKyhZKSrYsdXDFF4YBXKQTg&ust=1413244441302620', ''),
(92, 'HARDWARE', 'ROUTER', '', 'D-LINK', 'DI-824VUP', 0, 70, 2, '', '', '', 'https://www.google.com.pe/url?sa=i&rct=j&q=&esrc=s&source=images&cd=&cad=rja&uact=8&docid=4t0toXO_-sVHBM&tbnid=tdg61ykwbvnJxM:&ved=0CAcQjRw&url=http%3A%2F%2Ffiles.dlink.com.au%2Fproducts%2FDI-824VUP%2FImages%2F&ei=bhU7VNLwFcefoQSwu4LQCw&bvm=bv.77161500,d.cGU&psig=AFQjCNHsY4aCFOjuuW7ms5Jn9fe-miVmlw&ust=1413244642850050', ''),
(93, 'HARDWARE', 'SWITCH', '', 'D-LINK', 'DGS-1024D', 0, 78, 2, '', '', '', 'https://www.google.com.pe/url?sa=i&rct=j&q=&esrc=s&source=images&cd=&cad=rja&uact=8&docid=1d7Yl-tLp01ATM&tbnid=cU5lULAK2Vt8TM:&ved=0CAcQjRw&url=http%3A%2F%2Fftp.dlink.ru%2Fpub%2FSwitch%2FDGS-1024D%2FImage%2F&ei=0RU7VNb4IcLxoASEu4DICA&bvm=bv.77161500,d.cGU&psig=AFQjCNHCKdL_y48YP6Owtux7X2AlqeIy8Q&ust=1413244748273435', ''),
(94, 'HARDWARE', 'PANTALLA', 'LCD', 'LG', 'FLATRON E2040S-PN', 0, 75, 2, '', '', '', 'http://content.etilize.com/images/300/1017012384.jpg', ''),
(95, 'HARDWARE', 'PROYECTOR', '', 'DELL', '3400MP', 0, 200, 2, '', '', '', 'http://www.hcinema.de/pdf/images/dell3400mp.jpg', ''),
(96, 'HARDWARE', 'ACCESS POINT', '', 'TP-LINK', 'TL-WA901ND - V3', 0, 60, 2, '', '', '', 'http://www.tp-link.com/resources/images/products/large/TL-WA901ND2.jpg', ''),
(97, 'ELECTRODOMESTICO', 'NEVERA PEQUE?A', '', 'WHIRLPOOL', '', 0, 150, 2, '', '', '', '', ''),
(98, 'HARDWARE', 'IMPRESORA', '', 'RICOH', 'AFICIO MP 5000', 0, 1500, 5, '', '', '', 'http://www.ricohfotocopiadoras.com/images/fotocopiado_ricoh_2550.jpg', ''),
(99, 'ELECTRODOMESTICO', 'CAFETERA', '', 'BLACK & DECKER', 'DCM2161B', 0, 60, 2, '', '', '', 'http://www.gpcompras.com/media/catalog/product/cache/1/image/9df78eab33525d08d6e5fb8d27136e95/d/c/dcm2161b.jpg', ''),
(100, 'ELECTRODOMESTICO', 'CAFETERA', '', 'KITCHENAID', 'KCM222CU0', 0, 60, 2, '', '', '', 'http://ecx.images-amazon.com/images/I/71WV09iWEFL._SL1500_.jpg', ''),
(101, 'HARDWARE', 'PARLANTES', '', 'GENIUS', 'GENERICO', 0, 30, 2, '', '', '', 'http://genius.hu/cache/images/kep_1203698728.jpg', ''),
(102, 'HARDWARE', 'DVR', '', 'SAMSUNG', 'SDR-5100N', 0, 150, 7, '', '', '', 'http://www.samsungsv.com/Content/Images/Dynamic/ThumbNail/20140205103759119.jpg', ''),
(103, 'HARDWARE', 'AIRE ACONDICIONADO', '', 'LG', 'VM092CE', 0, 500, 12, '', '', '', 'http://www.lg.com/pa/images/aire-acondicionado-mini-split/vm092ce/medium01.jpg', ''),
(104, 'HARDWARE', 'TV', 'PLASMA', 'SAMSUNG', 'PL60F5000AK', 0, 700, 8, '', '', '', 'http://images.samsung.com/is/image/samsung/co_PL60F5000AKXZL_012_Front_black_thumb?$L2-Gallery$', ''),
(105, 'HARDWARE', 'CONTROL REMOTO', 'PARA TV PL60F5000AK', 'SAMSUNG', '', 0, 20, 0, '', '', '', '', ''),
(106, 'ELECTRODOMESTICO', 'GRECA', '', 'EL MUNDO DE LA G', '300', 0, 120, 3, 'EL MUNDO DE LA GRECA', 'MEDELLIN', '5117079', '', ''),
(107, 'ELECTRODOMESTICO', 'CAFETERA', '', 'OSTER', '', 0, 60, 2, '', '', '', 'https://www.google.com.co/search?q=OSTER+CAFETERA&es_sm=122&source=lnms&tbm=isch&sa=X&ei=wbFPVOvzNcjqoASH24KwCA&ved=0CAgQ_AUoAQ&biw=1280&bih=935#facrc=_&imgdii=_&imgrc=zWgdab233uGyVM%253A%3B_oedoZ162-IkvM%3Bhttp%253A%252F%252Fmco-s2-p.mlstatic.com%252Fcafetera-oster-3302-12-tazas-filtro-permanente-incluido-9556-MCO20018555593_122013-F.jpg%3Bhttp%253A%252F%252Farticulo.mercadolibre.com.co%252FMCO-412661515-cafetera-oster-3302-12-tazas-filtro-permanente-incluido-_JM%3B924%3B924', ''),
(108, 'ELECTRODOMESTICO', 'DISPENSADOR DE AGUA', '', 'GENERAL ELECTRIC', 'GXCF03E', 0, 100, 2, '', '', '', 'http://products.geappliances.com/MarketingObjectRetrieval/Dispatcher?RequestType=Image&Name=034552.jpg', ''),
(109, 'ELECTRODOMESTICO', 'NEVERA', '', 'HACEB', '', 0, 300, 2, '', '', '', '', ''),
(110, 'CONTROL DE ENTORNO Y SEGURIDAD', 'UNIDAD CONDENSADORA', '', 'LG', 'VM122CE UB3', 0, 300, 12, '', '', '', '', ''),
(111, 'CONTROL DE ENTORNO Y SEGURIDAD', 'UNIDAD CONDENSADORA', '', 'LG', 'VM242CE UC2', 0, 400, 12, '', '', '', '', ''),
(112, 'CONTROL DE ENTORNO Y SEGURIDAD', 'UNIDAD CONDENSADORA', '', 'LG', 'VM092CE UW0', 0, 400, 12, '', '', '', '', ''),
(113, 'CONTROL DE ENTORNO Y SEGURIDAD', 'UNIDAD CONDENSADORA', '', 'LG', 'AUUQ36GH1', 0, 500, 12, '', '', '', 'http://www.strar.com.br/media/catalog/product/cache/1/image/9df78eab33525d08d6e5fb8d27136e95/0/7/07_15_32.jpg', ''),
(114, 'ELECTRODOMESTICO', 'MICROONDAS', '', 'LG', 'MH1449C', 0, 60, 2, '', '', '', 'http://www.lg.com/mx/images/microondas/mh1449c/gallery/medium01.jpg', ''),
(115, 'ELECTRODOMESTICO', 'MICROONDAS', '', 'WHIRLPOOL', 'WM1111D00', 0, 60, 2, '', '', '', 'http://www.whirlpool.com.ve/files/productos/218_WM1111D00-light.jpg', ''),
(116, 'ELECTRODOMESTICO', 'MICROONDAS', '', 'LG', 'MS-0745V', 0, 60, 2, '', '', '', 'http://www.lg.com/co/images/microondas/ms-0745v/gallery/medium01.jpg', ''),
(117, 'ELECTRODOMESTICO', 'MICROONDAS', '', 'SAMSUNG', 'AGE83X', 0, 60, 2, '', '', '', 'http://www.samsung.com/latin/consumer-images/product/kitchen-solutions/2013/AGE83X-XAP/AGE83X-XAP-49230-0.jpg', ''),
(118, 'HARDWARE', 'ESCANER', '', 'HP', 'SCANJET G2710', 0, 50, 0, '', '', '', 'http://www.hpstore.com.py/imgproductos/G2710.jpg', ''),
(119, 'HARDWARE', 'DVD', '', 'SAMSUNG', 'DVD-P181', 0, 20, 0, '', '', '', 'http://images10.newegg.com/NeweggImage/ProductImageCompressAll300/82-676-105-04.jpg', ''),
(120, 'M?QUINARIA Y HERRAMIENTA', 'SOPLADORA', '', '', '', 0, 20, 0, '', '', '', '', ''),
(121, 'M?QUINARIA Y HERRAMIENTA', 'TALADRO', '', 'MAKITA', 'SSP MHP161', 0, 150, 10, '', '', '', 'http://www.planetadigitalshop.com.ar/image/cache/data/PLANETA%20HERRAMIENTAS/Taladros/Taladro%20SSP%20Makita%20MHP161-500x500.jpg', ''),
(122, 'M?QUINARIA Y HERRAMIENTA', 'ACONDICIONADOR AUTOMATICO DE VOLTAJE', '6 KVA', 'IPL', '', 0, 100, 0, '', '', '', '', ''),
(123, 'M?QUINARIA Y HERRAMIENTA', 'ACONDICIONADOR AUTOMATICO DE VOLTAJE', '3 KVA', 'SIERRA', '', 0, 50, 0, 'TRANSFORMADORES SIERRA LTDA', 'MEDELLIN', '3722622', '', ''),
(124, 'HARDWARE', 'PANEL SWITCH', '', 'ITALY AUDIO', 'SM011A', 0, 40, 10, '', '', '', 'http://www.nightsun.net/upfile/20093301511591817.jpg', ''),
(125, 'HARDWARE', 'PARLANTES', '', 'COMPAQ', 'FLC PRESARIO SPEAKER SYSTEM', 0, 10, 0, '', '', '', 'http://ecx.images-amazon.com/images/I/41RPrSEOMEL.jpg', ''),
(126, 'HARDWARE', 'TURNERO', '', 'INGETRONIC', '', 0, 500, 10, 'INGETRONIC', 'CARTAGO', '2134848', '', ''),
(127, 'HARDWARE', 'CONTROL TURNERO', '', 'INGETRONIC', '', 0, 30, 10, 'INGETRONIC', 'CARTAGO', '2134848', '', ''),
(128, 'SOFTWARE', 'SQL', '', 'MICROSOFT', 'SQL - USER CAL 2008 RELEASE 2', 0, 800, 6, '', '', '', '', ''),
(129, 'HARDWARE', 'CAMARA DE VIGILANCIA', '', 'D-LINK', 'DCS-5300W', 0, 50, 0, '', '', '', 'http://www.dlink.com/-/media/Images/Products/DCS/5300W/DCS%205300W%20Left.png', ''),
(130, 'HARDWARE', 'CONVERTIDOR', 'HDMI A VGA', 'SANOXY', 'HDMI/VGA 1080 ULTIMATE', 0, 50, 5, '', '', '', 'http://www.iaminthestore.com/media/catalog/product/cache/1/image/dca5dbeb0da86656ca8438b075f39329/P/o/Portable_HDMI_to_VGA_1080_Ultimate_Video_Converter_Adapter_-WhiteNT00358011.jpg', ''),
(131, 'SOFTWARE', 'OFFICE', '', 'MICROSOFT', 'OFFICE STANDARD 2010', 0, 200, 3, '', '', '', '', ''),
(132, 'HARDWARE', 'ROUTER INALAMBRICO', '', 'ZTE', 'MF20', 0, 50, 3, '', '', '', 'http://www.modemwholesale.com/style/i250/MF20.jpg', ''),
(133, 'HARDWARE', 'MODEM', 'PARA FAX', 'DELL', 'CONEXANT RD02-D400', 0, 10, 3, '', '', '', 'http://autos2.bluesock.com/ebay/farnborough/ebay_images/12918.jpg', ''),
(134, 'SOFTWARE', 'OFFICE', '', 'MICROSOFT', 'OFFICE STANDARD 2013', 0, 200, 6, '', '', '', '', ''),
(135, 'HARDWARE', 'CONVERTIDOR SATA/IDE A USB', '', 'MANHATTAN', '179195', 0, 40, 5, '', '', '', 'http://images1.cableorganizer.com/manhattan/manhattan-usb/images/01_ICI-179195-product.jpg', ''),
(136, 'HARDWARE', 'DVD', 'EXTERNAL USB DVDRW', 'DELL', 'LGE-DMGP60N', 0, 30, 2, '', '', '', 'http://i1.olxthailand.com/df/0/ui/post/2014/09/10/2/b/fd2a8831f7a79e7ac0922e2a01a145a5.jpeg', ''),
(137, 'HARDWARE', 'TELEFONO', '', 'ALCATEL', 'BILOBA A60', 0, 10, 0, '', '', '', 'http://www.lider.cl/dys/productImages/g/4779766ga.jpg', ''),
(138, 'HARDWARE', 'MICROFONO', '', 'TAKSTAR', 'E-340', 0, 35, 5, '', '', '', 'http://www.miche.com.co/media/images/productimage-picture-microfono-takstar-dinamico-e340-442.jpg', ''),
(139, 'HARDWARE', 'COMPUTADOR', 'PC-AIO', 'DELL', 'OPTIPLEX 9030', 0, 1000, 6, '', '', '', 'http://www.muypymes.com/wp-content/uploads/2014/06/OptiPlex-9030-e1403186272676.jpg', ''),
(140, 'HARDWARE', 'ROUTER', '', 'FORTINET', 'FORTIGATE-60B', 0, 60, 3, '', '', '', 'http://www.neuronet.cl/wp-content/uploads/2014/08/forti60b.jpg', ''),
(141, 'SOFTWARE', 'PROJECT', '', 'MICROSOFT', 'PROJECT STANDARD 2013', 0, 800, 6, '', '', '', '', ''),
(142, 'SOFTWARE', 'SQL', '', 'MICROSOFT', 'SQL SERVER - STANDARD 2008 RELEA', 0, 800, 6, '', '', '', '', ''),
(143, 'HARDWARE', 'ACCESS POINT', '', 'TP-LINK', 'TL-WR720N', 0, 20, 5, '', '', '', 'http://www.tp-link.com/resources/images/products/Large/TL-WR720N(UN_04.jpg', ''),
(144, 'SOFTWARE', 'OFFICE', '', 'MICROSOFT', 'OFFICE STANDARD FOR MACINTOSH', 0, 200, 0, '', '', '', '', ''),
(145, 'SOFTWARE', 'WINDOWS', '', 'MICROSOFT', 'WINDOWS REMOTE DESKTOP SERVICES ', 0, 300, 6, '', '', '', '', ''),
(146, 'HARDWARE', 'ROUTER', '', 'TP-LINK', 'TL-WA901ND', 0, 75, 3, '', '', '', 'http://www.tp-link.com/resources/images/products/large/TL-WA901ND-03.jpg', ''),
(147, 'SOFTWARE', 'ORDERLY', '', 'ORDERLY TELECOMS', 'ORDERLYSTATS SERVER EDITION 50 A', 0, 1880, 4, '', '', '', '', ''),
(148, 'HARDWARE', 'ROUTER', '', 'DELL', 'DES-1026G', 0, 250, 3, '', '', '', 'http://12.130.207.110/-/media/Images/Products/DES/1026G/DES1026GC1ImageSideL.png', ''),
(149, 'ELECTRODOMESTICO', 'NEVERA', '', 'SAMSUNG', 'SRG-118', 0, 400, 2, '', '', '', '', ''),
(150, 'ELECTRODOMESTICO', 'MICROONDAS', '', 'PANASONIC', 'NN-S335WF', 0, 60, 2, '', '', '', '', ''),
(151, 'ELECTRODOMESTICO', 'CAFETERA', '', 'IMUSA', 'CM212*', 0, 60, 2, '', '', '', '', ''),
(152, 'HARDWARE', 'COMPUTADOR', 'PORTATIL', 'DELL', 'VOSTRO V131', 0, 500, 2, '', '', '', 'http://www.blogcdn.com/www.engadget.com/media/2011/08/dell-vostro-v131-lead.jpg', ''),
(153, 'HARDWARE', 'CAMARA', '', 'LOGITECH', 'C920', 0, 85, 5, '', '', '', 'http://img1.lesnumeriques.com/test/74/7402/logitech-c920-pied-b.jpg', ''),
(154, 'HARDWARE', 'APPLE TV', '', 'APPLE', 'MD199E/A', 0, 150, 5, '', '', '', 'http://www.emultimax.net/store/20111014001/items/images/PS0054768.jpg', ''),
(155, 'HARDWARE', 'SWITCH', '', '3COM', '3CFSU05', 0, 50, 3, '', '', '', 'http://static.jumia.com.ng/p/hp-3com-1550-50014-1-zoom.jpg', ''),
(156, 'HARDWARE', 'DISCO DURO', '150 GB', 'WESTERN DIGITAL', 'WD1200U017-001', 0, 20, 0, '', '', '', 'http://images.geeksimages.com/imageshare/W/300x300/WDXMS1200TN-PB-R-unit.jpg', ''),
(157, 'HARDWARE', 'DISCO DURO', '750 GB', 'GENERICO', '', 0, 50, 3, '', '', '', '', ''),
(158, 'HARDWARE', 'LECTOR CODIGO DE BARRA', '', 'HONEYWELL', 'MS5145', 0, 40, 10, '', '', '', 'http://cdn.tiendanube.com/stores/074/787/products/LCTMTR510-1-dc80a66c8f525cdc775683493368cf99-480-0.png', ''),
(159, 'HARDWARE', 'PANTALLA', '', 'HP', 'FP1707', 0, 75, 2, '', '', '', 'http://h10025.www1.hp.com/ewfrf-JAVA/Doc/images/57/c01063805.jpg', ''),
(160, 'HARDWARE', 'COMPUTADOR', 'MINI', 'DELL', 'INSPIRON MINI 1012', 0, 100, 0, '', '', '', 'http://www.cbashop.net/admin_cbashop/productoscbashop/Dell_Inspiron_Mini_1012-2199OBK.jpg', ''),
(161, 'HARDWARE', 'COMPUTADOR', '', 'DELL', 'OPTIPLEX 740', 0, 200, 0, '', '', '', 'http://media.engadget.com/img/product/3/2r3/optiplex-740-3uq-800.jpg', ''),
(162, 'HARDWARE', 'PANTALLA', '', 'SAMSUNG', 'SYNCMASTER SA300', 0, 75, 2, '', '', '', 'http://s1.euronics.ee/UserFiles/Products/Images/29066_1.jpg', ''),
(163, 'HARDWARE', 'PANTALLA', '', 'DELL', 'E157FPF', 0, 75, 2, '', '', '', 'http://mlm-s2-p.mlstatic.com/12327-MLM20057716123_032014-Y.jpg', ''),
(164, 'HARDWARE', 'PANTALLA', '', 'DELL', 'E153FPC', 0, 75, 2, '', '', '', 'http://circuittrade.com/74830-large_default/dell-e153fpc-15-lcd-tft-flat-panel-monitor-p-n-0d5432.jpg', ''),
(165, 'HARDWARE', 'COMPUTADOR', '', 'DELL', 'POWEREDGE SC1420', 0, 300, 0, '', '', '', 'http://www.aqua-light.jp/_src/sc1861/img58750499.jpg', ''),
(166, 'HARDWARE', 'SWITCH', '', 'D-LINK', 'DES-1016A', 0, 50, 0, '', '', '', 'http://www.techhypermart.com/images/products/DES-1016A_1.jpg', ''),
(167, 'HARDWARE', 'PANTALLA', '', 'AOC', 'TFT22W90PS', 0, 75, 2, '', '', '', 'http://euroinform.net/store/image/cache/data/AOC/22-500x500.jpg', ''),
(168, 'HARDWARE', 'PANTALLA', '', 'HP', 'PK656AA', 0, 75, 2, '', '', '', 'http://sishardware.com/imgs/a/a/g/t/s/hp_pavilion_vs15_15__flat_panel_lcd_monitor_pk656aa_1_lgw.jpg', ''),
(169, 'HARDWARE', 'PANTALLA', '', 'ACER', 'AL1714B', 0, 75, 2, '', '', '', 'http://img.dooyoo.co.uk/GB_EN/315/computer/tft-monitor/acer-al1714b.jpg', ''),
(170, 'HARDWARE', 'CONVERTIDOR', 'VGA/COMPONENT A HDMI', 'GENERICO', 'HD VIDEO CONVERTER', 0, 30, 3, '', '', '', '', ''),
(171, 'HARDWARE', 'ROUTER', '', 'FORTINET', 'FORTIGATE-90D', 0, 1200, 7, '', '', '', 'http://fortimall.ru/images/90d-1.png', ''),
(172, 'CONTROL DE ENTORNO Y SEGURIDAD', 'AIRE ACONDICIONADO', 'ODYSSEY', 'TRANE', 'TTA090D300AA', 0, 4000, 10, '', '', '', '', ''),
(173, 'CONTROL DE ENTORNO Y SEGURIDAD', 'AIRE ACONDICIONADO', 'ODYSSEY', 'TRANE', 'TWE090D300AA', 0, 4000, 10, '', '', '', '', ''),
(174, 'HARDWARE', 'TELEFONO', '', 'POLYCOM', 'SOUND POINT IP650', 0, 150, 2, '', '', '', 'http://www.3cx.com/wp-content/uploads/PolycomMain.png', ''),
(175, 'HARDWARE', 'TELEFONO', '', 'SIEMENS', 'EUROSET 3005', 0, 10, 0, '', '', '', 'http://www.pabxseminovos.com.br/wp-content/uploads/3005.jpg', ''),
(176, 'HARDWARE', 'TELEFONO', '', 'PANASONIC', 'KX-TS500LXB', 0, 10, 0, '', '', '', 'http://falabella.scene7.com/is/image/FalabellaCO/33086_1?$producto308$&iv=SjNnp3&wid=924&hei=924&fit=fit,1', ''),
(177, 'HARDWARE', 'CONVERTIDOR', '', 'ENCORE NETWORKS', 'SIGNALPATH 201-SA', 0, 1000, 5, '', '', '', 'http://www.encorenetworks.com/img/hardware/sp201-sa_chassis_450.jpg', ''),
(178, 'HARDWARE', 'MODULO TELEFONO', '', 'POLYCOM', 'SOUNDPOINT IP CEM 2201-12770-001', 0, 50, 2, '', '', '', 'http://thumbs1.ebaystatic.com/d/l225/m/mNSgMQC0ErYHOoVSpisHptQ.jpg', ''),
(179, 'HARDWARE', 'CABLE TESTER', '', 'FLUKE', 'DSP2000', 0, 400, 5, '', '', '', 'http://astechmarket.com/image/cache/data/Fluke/Fluke%20DSP2000-500x500.jpg', ''),
(180, 'HARDWARE', 'COMPUTADOR', '', 'DELL', 'POWEREDGE R310', 0, 1500, 3, '', '', '', 'http://www.dell.com/downloads/jp/corporate/imagebank/PowerEdge_R310.jpg', ''),
(181, 'HARDWARE', 'COMPUTADOR', '', 'DELL', 'POWERVAULT 745N', 0, 500, 0, '', '', '', 'http://www.hardware-attitude.com/img_pro_109_3_a.jpg', ''),
(182, 'HARDWARE', 'UPS', '', 'MINUTE MAN POWER', 'ED300RM2U', 0, 1500, 4, '', '', '', 'http://www.minutemanups.com/images/endeavor_tower_front.jpg', ''),
(183, 'HARDWARE', 'PANTALLA', '', 'DELL', 'E156FPB', 0, 75, 2, '', '', '', 'http://www.belmont-techsales.com/v/vspfiles/photos/MON-DELL-E156FPB-15-INCH-2.jpg', ''),
(184, 'HARDWARE', 'CONVERTIDOR', '', 'ACCELL', 'K072C-010B', 0, 50, 5, '', '', '', 'http://ecx.images-amazon.com/images/I/71B1prYbZaL.jpg', ''),
(185, 'HARDWARE', 'DISCO DURO', '', 'APPLE', 'AIRPORT TIME CAPSULE', 0, 400, 5, '', '', '', 'http://www.tekshanghai.com/wp-content/uploads/2013/07/airport_extreme_time_capsule_new.jpg', ''),
(186, 'SOFTWARE', 'OFFICE', '', 'MICROSOFT', 'OFFICE HOGAR Y PEQUE?AS EMPRESAS', 0, 200, 1, '', '', '', 'http://sgfm.elcorteingles.es/SGFM/51/47/2/28610751472/28610751472000p01011.jpg', ''),
(187, 'SOFTWARE', 'OFFICE', '', 'MICROSOFT', 'OFFICE MAC 2011 HOME & BUSINESS', 0, 200, 2, '', '', '', 'http://obieosobalu.files.wordpress.com/2010/09/microsoft-office-for-mac-home-and-business-2011.jpg', ''),
(188, 'SOFTWARE', 'WINDOWS', '', 'MICROSOFT', 'WINDOWS 7 PROFESSIONAL', 0, 200, 6, '', '', '', 'http://www.os-operating-system.com/out/pictures/master/product/1/windows-7-professional-refurbished_single(1).jpg', ''),
(189, 'HARDWARE', 'IMPRESORA', '', 'HP', 'LASERJET 1536DNF MFP', 0, 250, 3, '', '', '', 'http://www.printer-thailand.com/129-274-thickbox/hp-m1536dnf-laserjet-pro-multifunction-printer-600x600x2dpi-25ppm.jpg', ''),
(190, 'ELECTRODOMESTICO', 'NEVERA', '', 'CENTRALES', 'GENERICO', 0, 400, 3, '', '', '', '', ''),
(191, 'SOFTWARE', 'OFFICE', '', 'MICROSOFT', 'HOGAR Y EMPRESAS 2013', 0, 200, 9, '', '', '', 'http://i1348.photobucket.com/albums/p732/leodiaz85/microsoft-office-2013-hogar-y-empresa-box-licencia-original-5338-MLA4367241978_052013-F_zps1718284b.jpg', ''),
(192, 'ELECTRODOMESTICO', 'MICROONDAS', '', 'DAEWOO', 'KOR-631H', 0, 60, 2, '', '', '', 'http://mco-d2-p.mlstatic.com/1411-MCO4458670828_062013-O.jpg', ''),
(193, 'ELECTRODOMESTICO', 'CAFETERA', '', 'ELECTROLUX', 'CMPRO', 0, 60, 2, '', '', '', 'http://www.tiendastodo.com/image/cache/data/Products/cafetera%20CMPRO2-500x500.JPG', ''),
(194, 'ELECTRODOMESTICO', 'PANTALLA', '', 'COMPAQ', '7540', 0, 75, 2, '', '', '', 'http://mla-d1-p.mlstatic.com/monitor-17-pulgadas-compaq-7540-excelente-estado-3877-MLA4870583580_082013-F.jpg', ''),
(195, 'HARDWARE', 'SWITCH', '', 'TRENDNET', 'TE100-S16PLUS', 0, 40, 2, '', '', '', 'http://www.trendnet.com/images/products/photos/TE100-S16Eplus/TE100-S16Eplus_2.jpg', ''),
(196, 'HARDWARE', 'TELEFONO', '', 'SANKEY', 'TS-704CID', 0, 10, 0, '', '', '', 'http://www.la14.com/Tiendala14/Images/product_images/773869.gif', ''),
(197, 'SOFTWARE', 'OFFICE', '', 'MICROSOFT', 'OFFICE H&B 2013 (LATAM)', 0, 200, 9, '', '', '', '', ''),
(198, 'SOFTWARE', 'OFFICE', '', 'MICROSOFT', 'OFFICE HOME AND BUSINESS 2010', 0, 200, 6, '', '', '', '', ''),
(199, 'SOFTWARE', 'ADOBE', '', 'ADOBE', 'DESIGN PREMIUM CS5.5.5.5 MLP', 0, 220, 2, '', '', '', '', ''),
(200, 'CONTROL DE ENTORNO Y SEGURIDAD', 'AIRE ACONDICIONADO', 'lala', 'LG', 'lala', 123, 123, 12, 'lala', 'lala', '123', '', 'lala');

-- --------------------------------------------------------

--
-- Estructura de tabla para la tabla `archivos`
--

CREATE TABLE IF NOT EXISTS `archivos` (
  `id` int(11) NOT NULL AUTO_INCREMENT,
  `inventario` int(11) NOT NULL,
  `archivo` longblob NOT NULL,
  PRIMARY KEY (`id`),
  KEY `inventario` (`inventario`)
) ENGINE=InnoDB DEFAULT CHARSET=latin1 AUTO_INCREMENT=1 ;

-- --------------------------------------------------------

--
-- Estructura de tabla para la tabla `auxiliar_inventario`
--

CREATE TABLE IF NOT EXISTS `auxiliar_inventario` (
  `id` int(11) NOT NULL AUTO_INCREMENT,
  `categoria` varchar(128) NOT NULL,
  `pais` varchar(128) NOT NULL,
  `nomenclatura` int(64) NOT NULL,
  `estado` int(128) NOT NULL,
  PRIMARY KEY (`id`)
) ENGINE=InnoDB DEFAULT CHARSET=latin1 AUTO_INCREMENT=1 ;

-- --------------------------------------------------------

--
-- Estructura de tabla para la tabla `categoria`
--

CREATE TABLE IF NOT EXISTS `categoria` (
  `id` int(11) NOT NULL AUTO_INCREMENT,
  `categoria` varchar(50) NOT NULL,
  `imagen` longblob NOT NULL,
  PRIMARY KEY (`id`),
  KEY `categoria` (`categoria`)
) ENGINE=InnoDB  DEFAULT CHARSET=latin1 AUTO_INCREMENT=8 ;

--
-- Volcado de datos para la tabla `categoria`
--

INSERT INTO `categoria` (`id`, `categoria`, `imagen`) VALUES
(1, 'MUEBLE E INMUEBLE', ''),
(2, 'MÁQUINARIA Y HERRAMIENTA', ''),
(3, 'EQUIPO DE AUDIO Y/O VÍDEO', ''),
(4, 'CONTROL DE ENTORNO Y SEGURIDAD', ''),
(5, 'HARDWARE', ''),
(6, 'SOFTWARE', ''),
(7, 'ELECTRODOMESTICO', '');

-- --------------------------------------------------------

--
-- Estructura de tabla para la tabla `departamento`
--

CREATE TABLE IF NOT EXISTS `departamento` (
  `id` int(11) NOT NULL AUTO_INCREMENT,
  `departamento` varchar(20) NOT NULL,
  `imagen` longblob NOT NULL,
  PRIMARY KEY (`id`),
  KEY `departamento` (`departamento`)
) ENGINE=InnoDB  DEFAULT CHARSET=latin1 AUTO_INCREMENT=15 ;

--
-- Volcado de datos para la tabla `departamento`
--

INSERT INTO `departamento` (`id`, `departamento`, `imagen`) VALUES
(1, 'ADMINISTRATIVO', ''),
(2, 'BARRANQUILLA', ''),
(3, 'BOGOTÁ', ''),
(4, 'CALI', ''),
(5, 'CONTACT CENTER', ''),
(6, 'COMERCIALES', ''),
(7, 'GERENCIA', ''),
(8, 'LIMA', ''),
(9, 'MERCADEO', ''),
(10, 'PRODUCTO', ''),
(11, 'QUITO', ''),
(12, 'SERVICIOS VARIOS', ''),
(13, 'TECNOLOGÍA', ''),
(14, 'TESORO', '');

-- --------------------------------------------------------

--
-- Estructura de tabla para la tabla `historial_estado`
--

CREATE TABLE IF NOT EXISTS `historial_estado` (
  `id` int(11) NOT NULL AUTO_INCREMENT,
  `inventario` int(11) NOT NULL,
  `fecha` varchar(10) NOT NULL,
  `estado` int(12) NOT NULL,
  `comentario_estado` varchar(512) NOT NULL,
  PRIMARY KEY (`id`),
  KEY `inventario` (`inventario`)
) ENGINE=InnoDB  DEFAULT CHARSET=latin1 AUTO_INCREMENT=653 ;

--
-- Volcado de datos para la tabla `historial_estado`
--

INSERT INTO `historial_estado` (`id`, `inventario`, `fecha`, `estado`, `comentario_estado`) VALUES
(1, 1, '11/09/2014', 0, ''),
(2, 2, '11/09/2014', 0, ''),
(3, 3, '11/09/2014', 0, ''),
(4, 4, '11/09/2014', 0, ''),
(5, 5, '11/09/2014', 0, ''),
(6, 6, '11/09/2014', 0, ''),
(7, 7, '18/09/2014', 0, ''),
(8, 8, '16/09/2014', 0, ''),
(9, 9, '16/09/2014', 0, ''),
(10, 10, '27/10/2014', 0, ''),
(11, 11, '16/09/2014', 0, ''),
(12, 12, '16/09/2014', 0, ''),
(13, 13, '19/09/2014', 0, ''),
(14, 14, '18/09/2014', 0, ''),
(15, 15, '19/09/2014', 0, ''),
(16, 16, '18/09/2014', 0, ''),
(17, 17, '16/09/2014', 0, ''),
(18, 18, '12/09/2014', 0, ''),
(19, 19, '16/09/2014', 0, ''),
(20, 20, '16/09/2014', 0, ''),
(21, 21, '18/09/2014', 0, ''),
(22, 22, '17/09/2014', 0, ''),
(23, 23, '18/09/2014', 0, ''),
(24, 24, '19/09/2014', 0, ''),
(25, 25, '16/09/2014', 0, ''),
(26, 26, '17/09/2014', 0, ''),
(27, 27, '23/10/2014', 0, ''),
(28, 28, '24/10/2014', 0, ''),
(29, 29, '18/09/2014', 0, ''),
(30, 30, '19/09/2014', 0, ''),
(31, 31, '24/10/2014', 0, ''),
(32, 32, '16/09/2014', 0, ''),
(33, 33, '24/10/2014', 0, ''),
(34, 34, '19/09/2014', 0, ''),
(35, 35, '16/09/2014', 0, ''),
(36, 36, '18/09/2014', 0, ''),
(37, 37, '16/09/2014', 0, ''),
(38, 38, '27/10/2014', 0, ''),
(39, 39, '27/10/2014', 0, ''),
(40, 40, '26/09/2014', 0, ''),
(41, 41, '26/09/2014', 0, ''),
(42, 42, '15/09/2014', 0, ''),
(43, 43, '26/09/2014', 0, ''),
(44, 44, '15/09/2014', 0, ''),
(45, 45, '15/09/2014', 0, ''),
(46, 46, '26/09/2014', 0, ''),
(47, 47, '12/09/2014', 0, ''),
(48, 48, '23/10/2014', 0, 'CAMBIADO POR DEJAR DE FUNCIONAR'),
(49, 49, '23/10/2014', 0, ''),
(50, 50, '23/10/2014', 0, ''),
(51, 51, '23/10/2014', 0, ''),
(52, 52, '26/09/2014', 0, ''),
(53, 53, '28/10/2014', 0, ''),
(54, 54, '23/10/2014', 0, ''),
(55, 55, '23/10/2014', 0, ''),
(56, 56, '07/10/2014', 0, ''),
(57, 57, '23/10/2014', 0, ''),
(58, 58, '12/09/2012', 0, ''),
(59, 59, '17/10/2014', 0, ''),
(60, 60, '16/09/2014', 0, ''),
(61, 61, '12/09/2014', 0, ''),
(62, 62, '16/09/2014', 0, ''),
(63, 63, '23/10/2014', 0, ''),
(64, 64, '23/10/2014', 0, ''),
(65, 65, '26/09/2014', 0, ''),
(66, 66, '12/09/2014', 0, ''),
(67, 67, '16/09/2014', 0, ''),
(68, 68, '12/09/2014', 0, ''),
(69, 69, '23/10/2014', 0, ''),
(70, 70, '12/09/2014', 0, ''),
(71, 71, '12/09/2014', 0, ''),
(72, 72, '23/10/2014', 0, ''),
(73, 73, '15/09/2015', 0, ''),
(74, 74, '12/09/2014', 0, ''),
(75, 75, '23/10/2014', 0, ''),
(76, 76, '16/09/2014', 0, ''),
(77, 77, '16/09/2014', 0, ''),
(78, 78, '23/10/2014', 0, ''),
(79, 79, '27/10/2014', 0, ''),
(80, 80, '12/09/2014', 0, ''),
(81, 81, '12/09/2014', 0, ''),
(82, 82, '12/09/2014', 0, ''),
(83, 83, '12/09/2014', 0, ''),
(84, 84, '12/09/2014', 0, ''),
(85, 85, '12/09/2014', 0, ''),
(86, 86, '12/09/2014', 0, ''),
(87, 87, '12/09/2014', 0, ''),
(88, 88, '12/09/2014', 0, ''),
(89, 89, '12/09/2014', 0, ''),
(90, 90, '12/09/2014', 0, ''),
(91, 91, '15/09/2014', 0, ''),
(92, 92, '15/09/2014', 0, ''),
(93, 93, '15/09/2014', 0, ''),
(94, 94, '15/09/2014', 0, ''),
(95, 95, '15/09/2014', 0, ''),
(96, 96, '15/09/2014', 0, ''),
(97, 97, '15/09/2014', 0, ''),
(98, 98, '15/09/2014', 0, ''),
(99, 99, '15/09/2014', 0, ''),
(100, 100, '15/09/2014', 0, ''),
(101, 101, '15/09/2014', 0, ''),
(102, 102, '15/09/2014', 0, ''),
(103, 103, '15/09/2014', 0, ''),
(104, 104, '15/09/2014', 0, ''),
(105, 105, '15/09/2014', 0, ''),
(106, 106, '16/09/2014', 0, ''),
(107, 107, '16/09/2014', 0, ''),
(108, 108, '16/09/2014', 0, ''),
(109, 109, '16/09/2014', 0, ''),
(110, 110, '16/09/2014', 0, ''),
(111, 111, '16/09/2014', 0, ''),
(112, 112, '16/09/2014', 0, ''),
(113, 113, '16/09/2014', 0, ''),
(114, 114, '16/09/2014', 0, ''),
(115, 115, '16/09/2014', 0, ''),
(116, 116, '16/09/2014', 0, ''),
(117, 117, '16/09/2014', 0, ''),
(118, 118, '16/09/2014', 0, ''),
(119, 119, '16/09/2014', 0, ''),
(120, 120, '16/09/2014', 0, ''),
(121, 121, '16/09/2014', 0, ''),
(122, 122, '16/09/2014', 0, ''),
(123, 123, '16/09/2014', 0, ''),
(124, 124, '16/09/2014', 0, ''),
(125, 125, '16/09/2014', 0, ''),
(126, 126, '16/09/2014', 0, ''),
(127, 127, '16/09/2014', 0, ''),
(128, 128, '16/09/2014', 0, ''),
(129, 129, '16/09/2014', 0, ''),
(130, 130, '17/09/2014', 0, ''),
(131, 131, '17/09/2014', 0, ''),
(132, 132, '17/09/2014', 0, ''),
(133, 133, '17/09/2014', 0, ''),
(134, 134, '17/09/2014', 0, ''),
(135, 135, '17/09/2014', 0, ''),
(136, 136, '17/09/2014', 0, ''),
(137, 137, '17/09/2014', 0, ''),
(138, 138, '17/09/2014', 0, ''),
(139, 139, '17/09/2014', 0, ''),
(140, 140, '17/09/2014', 0, ''),
(141, 141, '17/09/2014', 0, ''),
(142, 142, '17/09/2014', 0, ''),
(143, 143, '18/09/2014', 0, ''),
(144, 144, '18/09/2014', 0, ''),
(145, 145, '18/09/2014', 0, ''),
(146, 146, '18/09/2014', 0, ''),
(147, 147, '18/09/2014', 0, ''),
(148, 148, '18/09/2014', 0, ''),
(149, 149, '18/09/2014', 0, ''),
(150, 150, '18/09/2014', 0, ''),
(151, 151, '18/09/2014', 0, ''),
(152, 152, '18/09/2014', 0, ''),
(153, 153, '19/09/2014', 0, ''),
(154, 154, '19/09/2014', 0, ''),
(155, 155, '19/09/2014', 0, ''),
(156, 156, '19/09/2014', 0, ''),
(157, 157, '19/09/2014', 0, ''),
(158, 158, '19/09/2014', 0, ''),
(159, 159, '19/09/2014', 0, ''),
(160, 160, '19/09/2014', 0, ''),
(161, 161, '19/09/2014', 0, ''),
(162, 162, '19/09/2014', 0, ''),
(163, 163, '19/09/2014', 0, ''),
(164, 164, '19/09/2014', 0, ''),
(165, 165, '19/09/2014', 0, ''),
(166, 166, '19/09/2014', 0, ''),
(167, 167, '19/09/2014', 0, ''),
(168, 168, '22/09/2014', 0, ''),
(169, 169, '22/09/2014', 0, ''),
(170, 170, '22/09/2014', 0, ''),
(171, 171, '22/09/2014', 0, ''),
(172, 172, '22/09/2014', 0, ''),
(173, 173, '22/09/2014', 0, ''),
(174, 174, '22/09/2014', 0, ''),
(175, 175, '22/09/2014', 0, ''),
(176, 176, '22/09/2014', 0, ''),
(177, 177, '22/09/2014', 0, ''),
(178, 178, '22/09/2014', 0, ''),
(179, 179, '22/09/2014', 0, ''),
(180, 180, '22/09/2014', 0, ''),
(181, 181, '24/09/2014', 0, ''),
(182, 182, '24/09/2014', 0, ''),
(183, 183, '24/09/2014', 0, ''),
(184, 184, '26/09/2014', 0, ''),
(185, 185, '26/09/2014', 0, ''),
(186, 186, '26/09/2014', 0, ''),
(187, 187, '26/09/2014', 0, ''),
(188, 188, '26/09/2014', 0, ''),
(189, 189, '26/09/2014', 0, ''),
(190, 190, '26/09/2014', 0, ''),
(191, 191, '26/09/2014', 0, ''),
(192, 192, '26/09/2014', 0, ''),
(193, 193, '26/09/2014', 0, ''),
(194, 194, '07/10/2014', 0, ''),
(195, 195, '07/10/2014', 0, ''),
(196, 196, '07/10/2014', 0, ''),
(197, 197, '07/10/2014', 0, ''),
(198, 198, '07/10/2014', 0, ''),
(199, 199, '07/10/2014', 0, ''),
(200, 200, '12/10/2014', 0, ''),
(201, 201, '12/10/2014', 0, ''),
(202, 202, '12/10/2014', 0, ''),
(203, 203, '12/10/2014', 0, ''),
(204, 204, '12/10/2014', 0, ''),
(205, 205, '12/10/2014', 0, ''),
(206, 206, '12/10/2014', 0, ''),
(207, 207, '12/10/2014', 0, ''),
(208, 208, '12/10/2014', 0, ''),
(209, 209, '12/10/2014', 0, ''),
(210, 210, '12/10/2014', 0, ''),
(211, 211, '12/10/2014', 0, ''),
(212, 212, '12/10/2014', 0, ''),
(213, 213, '12/10/2014', 0, ''),
(214, 214, '12/10/2014', 0, ''),
(215, 215, '12/10/2014', 0, ''),
(216, 216, '12/10/2014', 0, ''),
(217, 217, '12/10/2014', 0, ''),
(218, 218, '12/10/2014', 0, ''),
(219, 219, '12/10/2014', 0, ''),
(220, 220, '12/10/2014', 0, ''),
(221, 221, '12/10/2014', 0, ''),
(222, 222, '12/10/2014', 0, ''),
(223, 223, '12/10/2014', 0, ''),
(224, 224, '12/10/2014', 0, ''),
(225, 225, '12/10/2014', 0, ''),
(226, 226, '12/10/2014', 0, ''),
(227, 227, '12/10/2014', 0, ''),
(228, 228, '12/10/2014', 0, ''),
(229, 229, '12/10/2014', 0, ''),
(230, 230, '12/10/2014', 0, ''),
(231, 231, '12/10/2014', 0, ''),
(232, 232, '12/10/2014', 0, ''),
(233, 233, '12/10/2014', 0, ''),
(234, 234, '12/10/2014', 0, ''),
(235, 235, '12/10/2014', 0, ''),
(236, 236, '12/10/2014', 0, ''),
(237, 237, '12/10/2014', 0, ''),
(238, 238, '12/10/2014', 0, ''),
(239, 239, '22/10/2014', 0, ''),
(240, 240, '22/10/2014', 0, ''),
(241, 241, '23/10/2014', 0, ''),
(242, 242, '23/10/2014', 0, ''),
(243, 243, '23/10/2014', 0, ''),
(244, 244, '23/10/2014', 0, ''),
(245, 245, '23/10/2014', 0, ''),
(246, 246, '23/10/2014', 0, ''),
(247, 247, '23/10/2014', 0, ''),
(248, 248, '23/10/2014', 0, ''),
(249, 249, '23/10/2014', 0, ''),
(250, 250, '23/10/2014', 0, ''),
(251, 251, '23/10/2014', 0, ''),
(252, 252, '23/10/2014', 0, ''),
(253, 253, '23/10/2014', 0, ''),
(254, 254, '23/10/2014', 0, ''),
(255, 255, '23/10/2014', 0, ''),
(256, 256, '23/10/2014', 0, ''),
(257, 257, '23/10/2014', 0, ''),
(258, 258, '23/10/2014', 0, ''),
(259, 259, '23/10/2014', 0, ''),
(260, 260, '23/10/2014', 0, ''),
(261, 261, '23/10/2014', 0, ''),
(262, 262, '23/10/2014', 0, ''),
(263, 263, '23/10/2014', 0, ''),
(264, 264, '23/10/2014', 0, 'NO SE SABE ESTADO REAL, PCS GUARDADOS POR MESES'),
(265, 265, '23/10/2014', 0, 'NO SE SABE ESTADO REAL, PCS GUARDADOS POR MESES'),
(266, 266, '24/10/2014', 0, 'NO SE SABE ESTADO REAL, PCS GUARDADOS POR MESES'),
(267, 267, '24/10/2014', 0, ''),
(268, 268, '24/10/2014', 0, ''),
(269, 269, '24/10/2014', 0, ''),
(270, 270, '24/10/2014', 0, ''),
(271, 271, '24/10/2014', 0, ''),
(272, 272, '24/10/2014', 0, ''),
(273, 273, '24/10/2014', 0, ''),
(274, 274, '24/10/2014', 0, ''),
(275, 275, '24/10/2014', 0, ''),
(276, 276, '24/10/2014', 0, ''),
(277, 277, '24/10/2014', 0, ''),
(278, 278, '24/10/2014', 0, ''),
(279, 279, '24/10/2014', 0, ''),
(280, 280, '24/10/2014', 0, ''),
(281, 281, '24/10/2014', 0, ''),
(282, 282, '24/10/2014', 0, ''),
(283, 283, '24/10/2014', 0, ''),
(284, 284, '24/10/2014', 0, ''),
(285, 285, '28/10/2014', 0, ''),
(286, 286, '28/10/2014', 0, ''),
(287, 287, '28/10/2014', 0, ''),
(288, 288, '28/10/2014', 0, ''),
(289, 289, '28/10/2014', 0, ''),
(290, 290, '28/10/2014', 0, ''),
(291, 291, '28/10/2014', 0, ''),
(292, 292, '28/10/2014', 0, ''),
(293, 293, '28/10/2014', 0, ''),
(294, 294, '28/10/2014', 0, ''),
(295, 295, '28/10/2014', 0, ''),
(296, 296, '28/10/2014', 0, ''),
(297, 297, '28/10/2014', 0, ''),
(298, 298, '28/10/2014', 0, ''),
(299, 299, '28/10/2014', 0, ''),
(300, 300, '28/10/2014', 0, ''),
(301, 301, '28/10/2014', 0, ''),
(302, 302, '28/10/2014', 0, ''),
(303, 303, '28/10/2014', 0, ''),
(304, 304, '28/10/2014', 0, ''),
(305, 305, '28/10/2014', 0, ''),
(306, 306, '28/10/2014', 0, ''),
(307, 307, '28/10/2014', 0, ''),
(308, 308, '28/10/2014', 0, ''),
(309, 309, '29/10/2014', 0, ''),
(310, 310, '29/10/2014', 0, ''),
(311, 311, '29/10/2014', 0, ''),
(312, 312, '29/10/2014', 0, ''),
(313, 313, '29/10/2014', 0, ''),
(314, 314, '29/10/2014', 0, ''),
(315, 315, '29/10/2014', 0, ''),
(316, 316, '29/10/2014', 0, ''),
(317, 317, '29/10/2014', 0, ''),
(318, 318, '29/10/2014', 0, ''),
(319, 319, '29/10/2014', 0, ''),
(320, 320, '29/10/2014', 0, ''),
(321, 321, '29/10/2014', 0, ''),
(322, 322, '29/10/2014', 0, ''),
(323, 323, '29/10/2014', 0, ''),
(324, 324, '29/10/2014', 0, ''),
(325, 325, '29/10/2014', 0, ''),
(326, 326, '29/10/2014', 0, ''),
(327, 327, '29/10/2014', 0, ''),
(328, 328, '29/10/2014', 0, ''),
(329, 329, '29/10/2014', 0, ''),
(330, 330, '29/10/2014', 0, ''),
(331, 331, '30/10/2014', 0, ''),
(332, 332, '30/10/2014', 0, ''),
(333, 333, '30/10/2014', 0, ''),
(334, 334, '30/10/2014', 0, ''),
(335, 335, '30/10/2014', 0, ''),
(336, 336, '30/10/2014', 0, ''),
(337, 337, '30/10/2014', 0, ''),
(338, 338, '30/10/2014', 0, ''),
(339, 339, '30/10/2014', 0, ''),
(340, 340, '30/10/2014', 0, ''),
(341, 341, '30/10/2014', 0, ''),
(342, 342, '30/10/2014', 0, ''),
(343, 343, '31/10/2014', 0, ''),
(344, 344, '31/10/2014', 0, ''),
(345, 345, '04/11/2014', 0, ''),
(346, 346, '04/11/2014', 0, ''),
(347, 347, '04/11/2014', 0, ''),
(348, 348, '04/11/2014', 0, ''),
(349, 349, '04/11/2014', 0, ''),
(350, 350, '04/11/2014', 0, ''),
(351, 351, '04/11/2014', 0, ''),
(352, 352, '04/11/2014', 0, ''),
(353, 353, '04/11/2014', 0, ''),
(354, 354, '04/11/2014', 0, ''),
(355, 355, '04/11/2014', 0, ''),
(356, 356, '04/11/2014', 0, ''),
(357, 357, '04/11/2014', 0, ''),
(358, 358, '05/11/2014', 0, ''),
(359, 359, '05/11/2014', 0, ''),
(360, 360, '05/11/2014', 0, ''),
(361, 361, '05/11/2014', 0, ''),
(362, 362, '05/11/2014', 0, ''),
(363, 363, '05/11/2014', 0, ''),
(364, 364, '05/11/2014', 0, ''),
(365, 365, '05/11/2014', 0, ''),
(366, 366, '05/11/2014', 0, ''),
(367, 367, '05/11/2014', 0, ''),
(368, 368, '05/11/2014', 0, ''),
(369, 369, '05/11/2014', 0, ''),
(370, 370, '05/11/2014', 0, ''),
(371, 371, '05/11/2014', 0, ''),
(372, 372, '05/11/2014', 0, ''),
(373, 373, '05/11/2014', 0, 'BLOQUEOS GENERALES'),
(374, 374, '05/11/2014', 0, 'MAL FUNCIONAMIENTO'),
(375, 375, '05/11/2014', 0, ''),
(376, 376, '05/11/2014', 0, ''),
(377, 377, '05/11/2014', 0, ''),
(378, 378, '05/11/2014', 0, ''),
(379, 379, '05/11/2014', 0, ''),
(380, 380, '05/11/2014', 0, ''),
(381, 381, '05/11/2014', 0, ''),
(382, 382, '05/11/2014', 0, ''),
(383, 383, '05/11/2014', 0, ''),
(384, 384, '05/11/2014', 0, ''),
(385, 385, '05/11/2014', 0, 'MAL FUNCIONAMIENTO'),
(386, 386, '05/11/2014', 0, ''),
(387, 387, '05/11/2014', 0, ''),
(388, 388, '05/11/2014', 0, ''),
(389, 389, '05/11/2014', 0, ''),
(390, 390, '05/11/2014', 0, ''),
(391, 391, '05/11/2014', 0, ''),
(392, 392, '05/11/2014', 0, ''),
(393, 393, '05/11/2014', 0, ''),
(394, 394, '05/11/2014', 0, ''),
(395, 395, '05/11/2014', 0, ''),
(396, 396, '05/11/2014', 0, ''),
(397, 397, '05/11/2014', 0, ''),
(398, 398, '05/11/2014', 0, ''),
(399, 399, '05/11/2014', 0, ''),
(400, 400, '05/11/2014', 0, ''),
(401, 401, '05/11/2014', 0, ''),
(402, 402, '06/11/2014', 0, 'SIN MEMORIA'),
(403, 403, '06/11/2014', 0, ''),
(404, 404, '06/11/2014', 0, ''),
(405, 405, '06/11/2014', 0, ''),
(406, 406, '06/11/2014', 0, ''),
(407, 407, '06/11/2014', 0, 'DAÑADO'),
(408, 408, '06/11/2014', 0, ''),
(409, 409, '06/11/2014', 0, 'DAÑADO'),
(410, 410, '06/11/2014', 0, 'DAÑADO'),
(411, 411, '06/11/2014', 0, ''),
(412, 412, '06/11/2014', 0, ''),
(413, 413, '06/11/2014', 0, ''),
(414, 414, '06/11/2014', 0, ''),
(415, 415, '06/11/2014', 0, ''),
(416, 416, '06/11/2014', 0, ''),
(417, 417, '06/11/2014', 0, ''),
(418, 418, '06/11/2014', 0, ''),
(419, 419, '06/11/2014', 0, ''),
(420, 420, '06/11/2014', 0, ''),
(421, 421, '06/11/2014', 0, ''),
(422, 422, '06/11/2014', 0, ''),
(423, 423, '06/11/2014', 0, ''),
(424, 424, '06/11/2014', 0, ''),
(425, 425, '06/11/2014', 0, ''),
(426, 426, '06/11/2014', 0, ''),
(427, 427, '06/11/2014', 0, ''),
(428, 428, '06/11/2014', 0, ''),
(429, 429, '06/11/2014', 0, ''),
(430, 430, '06/11/2014', 0, ''),
(431, 431, '06/11/2014', 0, ''),
(432, 432, '06/11/2014', 0, ''),
(433, 433, '11/11/2014', 0, ''),
(434, 434, '06/11/2014', 0, ''),
(435, 435, '06/11/2014', 0, ''),
(436, 436, '06/11/2014', 0, ''),
(437, 437, '06/11/2014', 0, ''),
(438, 438, '06/11/2014', 0, ''),
(439, 439, '07/11/2014', 0, ''),
(440, 440, '07/11/2014', 0, ''),
(441, 441, '07/11/2014', 0, ''),
(442, 442, '07/11/2014', 0, ''),
(443, 443, '07/11/2014', 0, ''),
(444, 444, '07/11/2014', 0, ''),
(445, 445, '07/11/2014', 0, ''),
(446, 446, '07/11/2014', 0, ''),
(447, 447, '07/11/2014', 0, ''),
(448, 448, '07/11/2014', 0, ''),
(449, 449, '07/11/2014', 0, ''),
(450, 450, '07/11/2014', 0, ''),
(451, 451, '07/11/2014', 0, ''),
(452, 452, '07/11/2014', 0, ''),
(453, 453, '07/11/2014', 0, ''),
(454, 454, '07/11/2014', 0, ''),
(455, 455, '07/11/2014', 0, ''),
(456, 456, '07/11/2014', 0, ''),
(457, 457, '07/11/2014', 0, ''),
(458, 458, '07/11/2014', 0, ''),
(459, 459, '07/11/2014', 0, ''),
(460, 460, '07/11/2014', 0, ''),
(461, 461, '07/11/2014', 0, ''),
(462, 462, '07/11/2014', 0, ''),
(463, 463, '07/11/2014', 0, ''),
(464, 464, '07/11/2014', 0, ''),
(465, 465, '07/11/2014', 0, ''),
(466, 466, '07/11/2014', 0, ''),
(467, 467, '11/11/2014', 0, ''),
(468, 468, '11/11/2014', 0, ''),
(469, 469, '11/11/2014', 0, ''),
(470, 470, '11/11/2014', 0, ''),
(471, 471, '11/11/2014', 0, 'TIENE RUIDO'),
(472, 472, '11/11/2014', 0, ''),
(473, 473, '11/11/2014', 0, ''),
(474, 474, '11/11/2014', 0, 'PANTALLA CON PIXELES DAÑADOS'),
(475, 475, '11/11/2014', 0, ''),
(476, 476, '11/11/2014', 0, ''),
(477, 477, '11/11/2014', 0, ''),
(478, 478, '11/11/2014', 0, ''),
(479, 479, '11/11/2014', 0, ''),
(480, 480, '11/11/2014', 0, ''),
(481, 481, '11/11/2014', 0, ''),
(482, 482, '11/11/2014', 0, ''),
(483, 483, '11/11/2014', 0, ''),
(484, 484, '11/11/2014', 0, ''),
(485, 485, '11/11/2014', 0, ''),
(486, 486, '11/11/2014', 0, ''),
(487, 487, '11/11/2014', 0, ''),
(488, 488, '11/11/2014', 0, ''),
(489, 489, '11/11/2014', 0, ''),
(490, 490, '11/11/2014', 0, ''),
(491, 491, '11/11/2014', 0, ''),
(492, 492, '11/11/2014', 0, ''),
(493, 493, '11/11/2014', 0, ''),
(494, 494, '11/11/2014', 0, ''),
(495, 495, '11/11/2014', 0, ''),
(496, 496, '11/11/2014', 0, ''),
(497, 497, '11/11/2014', 0, ''),
(498, 498, '11/11/2014', 0, ''),
(499, 499, '11/11/2014', 0, ''),
(500, 500, '11/11/2014', 0, ''),
(501, 501, '11/11/2014', 0, ''),
(502, 502, '11/11/2014', 0, ''),
(503, 503, '11/11/2014', 0, ''),
(504, 504, '11/11/2014', 0, ''),
(505, 505, '11/11/2014', 0, ''),
(506, 506, '11/11/2014', 0, ''),
(507, 507, '11/11/2014', 0, ''),
(508, 508, '11/11/2014', 0, ''),
(509, 509, '11/11/2014', 0, ''),
(510, 510, '11/11/2014', 0, ''),
(511, 511, '11/11/2014', 0, ''),
(512, 512, '11/11/2014', 0, ''),
(513, 513, '11/11/2014', 0, ''),
(514, 514, '11/11/2014', 0, ''),
(515, 515, '11/11/2014', 0, ''),
(516, 516, '11/11/2014', 0, ''),
(517, 517, '11/11/2014', 0, ''),
(518, 518, '11/11/2014', 0, ''),
(519, 519, '11/11/2014', 0, ''),
(520, 520, '11/11/2014', 0, ''),
(521, 521, '11/11/2014', 0, ''),
(522, 522, '11/11/2014', 0, ''),
(523, 523, '11/11/2014', 0, ''),
(524, 524, '11/11/2014', 0, ''),
(525, 525, '11/11/2014', 0, ''),
(526, 526, '11/11/2014', 0, ''),
(527, 527, '11/11/2014', 0, ''),
(528, 528, '11/11/2014', 0, ''),
(529, 529, '11/11/2014', 0, ''),
(530, 530, '11/11/2014', 0, ''),
(531, 531, '11/11/2014', 0, ''),
(532, 532, '11/11/2014', 0, ''),
(533, 533, '11/11/2014', 0, ''),
(534, 534, '11/11/2014', 0, ''),
(535, 535, '11/11/2014', 0, ''),
(536, 536, '11/11/2014', 0, ''),
(537, 537, '11/11/2014', 0, ''),
(538, 538, '11/11/2014', 0, ''),
(539, 539, '11/11/2014', 0, ''),
(540, 540, '11/11/2014', 0, ''),
(541, 541, '11/11/2014', 0, ''),
(542, 542, '11/11/2014', 0, ''),
(543, 543, '11/11/2014', 0, ''),
(544, 544, '11/11/2014', 0, ''),
(545, 545, '11/11/2014', 0, ''),
(546, 546, '11/11/2014', 0, ''),
(547, 547, '11/11/2014', 0, ''),
(548, 548, '11/11/2014', 0, ''),
(549, 549, '11/11/2014', 0, ''),
(550, 550, '11/11/2014', 0, ''),
(551, 551, '11/11/2014', 0, ''),
(552, 552, '11/11/2014', 0, ''),
(553, 553, '11/11/2014', 0, ''),
(554, 554, '11/11/2014', 0, ''),
(555, 555, '11/11/2014', 0, ''),
(556, 556, '11/11/2014', 0, ''),
(557, 557, '11/11/2014', 0, ''),
(558, 558, '11/11/2014', 0, ''),
(559, 559, '11/11/2014', 0, ''),
(560, 560, '11/11/2014', 0, ''),
(561, 561, '11/11/2014', 0, ''),
(562, 562, '11/11/2014', 0, ''),
(563, 563, '11/11/2014', 0, ''),
(564, 564, '11/11/2014', 0, ''),
(565, 565, '11/11/2014', 0, ''),
(566, 566, '11/11/2014', 0, ''),
(567, 567, '11/11/2014', 0, ''),
(568, 568, '11/11/2014', 0, ''),
(569, 569, '11/11/2014', 0, ''),
(570, 570, '11/11/2014', 0, ''),
(571, 571, '11/11/2014', 0, ''),
(572, 572, '11/11/2014', 0, ''),
(573, 573, '11/11/2014', 0, ''),
(574, 574, '11/11/2014', 0, ''),
(575, 575, '11/11/2014', 0, ''),
(576, 576, '11/11/2014', 0, ''),
(577, 577, '11/11/2014', 0, ''),
(578, 578, '11/11/2014', 0, ''),
(579, 579, '12/11/2014', 0, ''),
(580, 580, '12/11/2014', 0, ''),
(581, 581, '12/11/2014', 0, ''),
(582, 582, '12/11/2014', 0, ''),
(583, 583, '13/11/2014', 0, ''),
(584, 584, '13/11/2014', 0, ''),
(585, 585, '13/11/2014', 0, ''),
(586, 586, '10/11/2014', 0, ''),
(587, 587, '10/11/2014', 0, ''),
(588, 588, '10/11/2014', 0, ''),
(589, 589, '10/11/2014', 0, ''),
(590, 590, '10/11/2014', 0, ''),
(591, 591, '10/11/2014', 0, ''),
(592, 592, '10/11/2014', 0, ''),
(593, 593, '10/11/2014', 0, ''),
(594, 594, '10/11/2014', 0, ''),
(595, 595, '10/11/2014', 0, ''),
(596, 596, '10/11/2014', 0, ''),
(597, 597, '10/11/2014', 0, ''),
(598, 598, '10/11/2014', 0, ''),
(599, 599, '10/11/2014', 0, ''),
(600, 600, '12/11/2014', 0, ''),
(601, 601, '12/11/2014', 0, ''),
(602, 602, '12/11/2014', 0, ''),
(603, 603, '12/11/2014', 0, ''),
(604, 604, '12/11/2014', 0, ''),
(605, 605, '12/11/2014', 0, ''),
(606, 606, '12/11/2014', 0, ''),
(607, 607, '12/11/2014', 0, ''),
(608, 608, '12/11/2014', 0, ''),
(609, 609, '12/11/2014', 0, ''),
(610, 610, '12/11/2014', 0, ''),
(611, 611, '12/11/2014', 0, ''),
(612, 612, '12/11/2014', 0, ''),
(613, 613, '12/11/2014', 0, ''),
(614, 614, '12/11/2014', 0, ''),
(615, 615, '12/11/2014', 0, ''),
(616, 616, '12/11/2014', 0, ''),
(617, 617, '12/11/2014', 0, ''),
(618, 618, '12/11/2014', 0, ''),
(619, 619, '12/11/2014', 0, ''),
(620, 620, '12/11/2014', 0, ''),
(621, 621, '12/11/2014', 0, ''),
(622, 622, '13/11/2014', 0, ''),
(623, 623, '13/11/2014', 0, ''),
(624, 624, '13/11/2014', 0, ''),
(625, 625, '13/11/2014', 0, ''),
(626, 626, '13/11/2014', 0, ''),
(627, 627, '13/11/2014', 0, ''),
(628, 628, '13/11/2014', 0, ''),
(629, 629, '13/11/2014', 0, ''),
(630, 630, '13/11/2014', 0, ''),
(631, 631, '13/11/2014', 0, ''),
(632, 632, '13/11/2014', 0, ''),
(633, 633, '13/11/2014', 0, ''),
(634, 634, '13/11/2014', 0, ''),
(635, 635, '13/11/2014', 0, ''),
(636, 636, '13/11/2014', 0, ''),
(637, 637, '13/11/2014', 0, ''),
(638, 638, '13/11/2014', 0, ''),
(639, 639, '13/11/2014', 0, ''),
(640, 640, '15/09/2014', 0, ''),
(641, 641, '15/09/2014', 0, ''),
(642, 642, '15/09/2014', 0, ''),
(643, 643, '15/09/2014', 0, ''),
(644, 644, '15/09/2014', 0, ''),
(645, 645, '15/09/2014', 0, ''),
(646, 646, '18/11/2014', 0, ''),
(647, 647, '18/11/2014', 0, ''),
(648, 648, '19/11/2014', 0, ''),
(649, 649, '19/11/2014', 0, ''),
(650, 650, '19/11/2014', 0, ''),
(651, 651, '20/11/2014', 0, ''),
(652, 652, '20/11/2014', 0, '');

-- --------------------------------------------------------

--
-- Estructura de tabla para la tabla `inventario`
--

CREATE TABLE IF NOT EXISTS `inventario` (
  `id` int(11) NOT NULL AUTO_INCREMENT,
  `activo` int(11) NOT NULL,
  `barcode` varchar(8) NOT NULL,
  `serial` varchar(32) NOT NULL,
  `pais` varchar(12) NOT NULL,
  `departamento` varchar(20) NOT NULL,
  `responsable` varchar(50) NOT NULL,
  `fecha_compra` varchar(10) NOT NULL,
  `fecha_garantia` varchar(10) NOT NULL,
  `tipo_garantia` varchar(16) NOT NULL,
  `fecha_ingreso` varchar(10) NOT NULL,
  `fecha_egreso` varchar(10) NOT NULL,
  `comentario_inventario` varchar(256) NOT NULL,
  PRIMARY KEY (`id`),
  KEY `activo` (`activo`),
  KEY `departamento` (`departamento`)
) ENGINE=InnoDB  DEFAULT CHARSET=latin1 AUTO_INCREMENT=665 ;

--
-- Volcado de datos para la tabla `inventario`
--

INSERT INTO `inventario` (`id`, `activo`, `barcode`, `serial`, `pais`, `departamento`, `responsable`, `fecha_compra`, `fecha_garantia`, `tipo_garantia`, `fecha_ingreso`, `fecha_egreso`, `comentario_inventario`) VALUES
(1, 1, 'CO00001', '307HATH00105', 'COLOMBIA', 'TECNOLOGÍA', 'TECNOLOGÍA', '', '', '', '11/09/2014', '', ''),
(2, 2, 'CO00002', 'AKB73315601', 'COLOMBIA', 'TECNOLOGÍA', 'TECNOLOGÍA', '', '', '', '11/09/2014', '', ''),
(3, 3, 'CO00003', 'KGQU67ZD759183L', 'COLOMBIA', 'TECNOLOGÍA', 'TECNOLOGÍA', '15/07/2014', '', '', '11/09/2014', '', ''),
(4, 3, 'CO00004', 'KGQU67ZD277468W', 'COLOMBIA', 'TECNOLOGÍA', 'TECNOLOGÍA', '15/07/2014', '', '', '11/09/2014', '', ''),
(5, 2, 'CO00005', 'AKB73315601', 'COLOMBIA', 'TECNOLOGÍA', 'TECNOLOGÍA', '', '', '', '11/09/2014', '', ''),
(6, 1, 'CO00006', '309HAAL00320', 'COLOMBIA', 'TECNOLOGÍA', 'TECNOLOGÍA', '', '', '', '11/09/2014', '', ''),
(7, 10, 'CO00007', '0004F215B742', 'COLOMBIA', 'CONTACT CENTER', 'CAROL OBANDO', '', '', '', '18/09/2014', '', ''),
(8, 4, 'CO00008', '0004F2194238', 'COLOMBIA', 'CONTACT CENTER', 'LUISA GONZALEZ', '', '', '', '16/09/2014', '', ''),
(9, 4, 'CO00009', '0004F21666C5', 'COLOMBIA', 'CONTACT CENTER', 'LILLIBETH VALDERRAMA HERNADEZ', '', '', '', '16/09/2014', '', ''),
(10, 4, 'CO00304', '0004F219D10F', 'COLOMBIA', 'CONTACT CENTER', 'PAULA ANDREA BALLESTEROS', '', '', '', '27/10/2014', '', ''),
(11, 4, 'CO00010', '0004F21F8647', 'COLOMBIA', 'CONTACT CENTER', 'LUISA ZAPATA', '', '', '', '16/09/2014', '', ''),
(12, 4, 'CO00011', '0004F2174A6D', 'COLOMBIA', 'CONTACT CENTER', 'LAURA VALENCIA VALDERRAMA', '', '', '', '16/09/2014', '', ''),
(13, 4, 'CO00012', '0004F21B534E', 'COLOMBIA', 'CONTACT CENTER', 'CLAUDIA GARCIA', '', '', '', '19/09/2014', '', ''),
(14, 4, 'CO00013', '0004F21E5C35', 'COLOMBIA', 'CONTACT CENTER', 'MARIA ALEJANDRA SUAREZ FLOREZ', '', '', '', '18/09/2014', '', ''),
(15, 4, 'CO00014', '0004F224B39E', 'COLOMBIA', 'CONTACT CENTER', 'LINA BEDOYA', '', '', '', '19/09/2014', '', ''),
(16, 4, 'CO00015', '0004F224EA29', 'COLOMBIA', 'CONTACT CENTER', 'EDWIN ARLEY BOTERO', '', '', '', '18/09/2014', '', ''),
(17, 4, 'CO00016', '0004F224CFA3', 'COLOMBIA', 'CONTACT CENTER', 'MAURICIO RIVERA', '', '', '', '16/09/2014', '', ''),
(18, 4, 'CO00017', '0004F21E5B62', 'COLOMBIA', 'MERCADEO', 'ESTEBAN JARAMILLO', '', '', '', '12/09/2014', '', ''),
(19, 10, 'CO00018', '0004F2154205', 'COLOMBIA', 'CONTACT CENTER', 'VIRGINIA HERRERA', '', '', '', '16/09/2014', '', ''),
(20, 10, 'CO00019', '0004F215B919', 'COLOMBIA', 'CONTACT CENTER', 'DIANA MILENA SALDARRIAGA', '', '', '', '16/09/2014', '', ''),
(21, 4, 'CO00020', '0004F21B1238', 'COLOMBIA', 'CONTACT CENTER', 'DANIEL CARDENAS', '', '', '', '18/09/2014', '', ''),
(22, 10, 'CO00021', '0004F21513F1', 'COLOMBIA', 'CONTACT CENTER', 'ALEXANDER CÁRDENAS', '', '', '', '17/09/2014', '', ''),
(23, 4, 'CO00022', '0004F215B978', 'COLOMBIA', 'CONTACT CENTER', 'WILLIAM GARCIA', '', '', '', '18/09/2014', '', ''),
(24, 10, 'CO00023', '0004F21549A5', 'COLOMBIA', 'CONTACT CENTER', 'LUISA RAMIREZ', '', '', '', '19/09/2014', '', ''),
(25, 10, 'CO00024', '0004F21540D8', 'COLOMBIA', 'CONTACT CENTER', 'ANA MILENA RIVERA LOPEZ', '', '', '', '16/09/2014', '', ''),
(26, 4, 'CO00025', '0004F21C8AE2', 'COLOMBIA', 'CONTACT CENTER', 'LAURA MONSALVE', '', '', '', '17/09/2014', '', ''),
(27, 10, 'CO00277', '0004F215B995', 'COLOMBIA', 'COMERCIALES', 'ANDRES MAURICIO MEJIA', '', '', '', '23/10/2014', '', ''),
(28, 4, 'CO00287', '0004F2206A26', 'COLOMBIA', 'CONTACT CENTER', 'CRISTINA VALDERRAMA', '', '', '', '24/10/2014', '', ''),
(29, 4, 'CO00026', '0004F2170349', 'COLOMBIA', 'CONTACT CENTER', 'SEBASTIAN OSPINA', '', '', '', '18/09/2014', '', ''),
(30, 4, 'CO00027', '0004F21B5706', 'COLOMBIA', 'CONTACT CENTER', 'ANA OCHOA', '', '', '', '19/09/2014', '', ''),
(31, 10, 'CO00281', '0004F2154428', 'COLOMBIA', 'COMERCIALES', 'JUAN SEBASTIAN SEGURO', '', '', '', '24/10/2014', '', ''),
(32, 4, 'CO00028', '0004F2206584', 'COLOMBIA', 'PRODUCTO', 'HEIDY GOMEZ', '', '', '', '16/09/2014', '', ''),
(33, 10, 'CO00283', '0004F21544BC', 'COLOMBIA', 'COMERCIALES', 'CAROLINA MONTOYA', '', '', '', '24/10/2014', '', ''),
(34, 4, 'CO00029', '0004F2227C1C', 'COLOMBIA', 'CONTACT CENTER', 'JOHN ATEHORTUA', '', '', '', '15/09/2014', '', ''),
(35, 10, 'CO0030', '0004F215485F', 'COLOMBIA', 'PRODUCTO', 'MARLA MEJIA', '', '', '', '16/09/2014', '', ''),
(36, 10, 'CO00031', '0004F21548E8', 'COLOMBIA', 'CONTACT CENTER', 'SEBASTIAN RAMIREZ', '', '', '', '18/09/2014', '', ''),
(37, 10, 'CO00032', '0004F215B735', 'COLOMBIA', 'CONTACT CENTER', 'PAULA LARREA', '', '', '', '16/09/2014', '', ''),
(38, 66, 'CO00303', '0004F2E36351', 'COLOMBIA', 'TECNOLOGÍA', 'TECNOLOGÍA', '', '', '', '27/10/2014', '', ''),
(39, 32, 'CO00305', 'DG8KYV1', 'COLOMBIA', 'CONTACT CENTER', 'PAULA ANDREA BALLESTEROS', '', '', '', '27/10/2014', '', ''),
(40, 62, 'CO00033', '0004F220C3F2', 'COLOMBIA', 'TECNOLOGÍA', 'TECNOLOGIA', '', '', '', '26/09/2014', '', ''),
(41, 4, 'CO00034', '0004F21B3A18', 'COLOMBIA', 'GERENCIA', 'JUAN FERNANDO PELAEZ', '', '', '', '26/09/2014', '', ''),
(42, 4, 'CO00059', '0004F21B5269', 'COLOMBIA', 'MERCADEO', 'JUAN CARLOS MONTOYA', '', '', '', '15/09/2014', '', ''),
(43, 4, 'CO00035', '0004F2190F32', 'COLOMBIA', 'GERENCIA', 'ANDRES PELAEZ', '', '', '', '26/09/2014', '', ''),
(44, 4, 'CO00036', '0004F218A0FD', 'COLOMBIA', 'MERCADEO', 'CESAR QUINTERO', '', '', '', '26/09/2014', '', ''),
(45, 4, 'CO00037', '0004F215481F', 'COLOMBIA', 'PRODUCTO', 'JUAN CAMILO LONDOÑO', '', '', '', '15/09/2014', '', ''),
(46, 4, 'CO00038', '0004F218A4C8', 'COLOMBIA', 'GERENCIA', 'OLGA DEVIA', '', '', '', '26/09/2014', '', ''),
(47, 4, 'CO00056', '0004F21684D1', 'COLOMBIA', 'TECNOLOGÍA', 'ALEJANDRO BOTERO', '', '', '', '12/09/2014', '', ''),
(48, 35, 'CO00229', '000B820F85C8', 'COLOMBIA', 'TECNOLOGÍA', 'TECNOLOGIA', '', '', '', '23/10/2014', '', ''),
(49, 35, 'CO00267', '000B820F85C6', 'COLOMBIA', 'ADMINISTRATIVO', 'FATIMA POSADA', '', '', '', '23/10/2014', '', ''),
(50, 35, 'CO00270', '000B820F85CD', 'COLOMBIA', 'ADMINISTRATIVO', 'GLORIA VALENCIA', '', '', '', '23/10/2014', '', ''),
(51, 35, 'CO00233', '000B820F8579', 'COLOMBIA', 'ADMINISTRATIVO', 'NORA ELENA ESCOBAR', '', '', '', '23/10/2014', '', ''),
(52, 35, 'CO00039', '1FA400FFF011013B', 'COLOMBIA', 'ADMINISTRATIVO', 'MILVIA LONDOÑO', '', '', '', '26/09/2014', '', ''),
(53, 103, 'CO00306', '307HAGF00343', 'COLOMBIA', 'CONTACT CENTER', 'TECNOLOGIA', '', '', '', '28/10/2014', '', ''),
(54, 35, 'CO00271', '000B820F8575', 'COLOMBIA', 'ADMINISTRATIVO', 'DARWIN LONDOÑO', '', '', '', '23/10/2014', '', ''),
(55, 74, 'CO00255', '0004F210D074', 'COLOMBIA', 'ADMINISTRATIVO', 'HOVER ARVEY HERRERA', '', '', '', '23/10/2014', '', ''),
(56, 71, 'CO00060', '000B820BC5B0', 'COLOMBIA', 'ADMINISTRATIVO', 'GUSTAVO CANO', '', '', '', '07/10/2014', '', ''),
(57, 35, 'CO00259', '000B820F85C7', 'COLOMBIA', 'ADMINISTRATIVO', 'KAREN YURLEY CARO', '', '', '', '23/10/2014', '', ''),
(58, 4, 'CO00040', '0004F2252DA4', 'COLOMBIA', 'MERCADEO', 'MARIA BUILES', '', '', '', '12/09/2014', '', ''),
(59, 10, 'CO00053', '0004F2154A4E', 'COLOMBIA', 'MERCADEO', 'ANDRES FELIPE MONTOYA', '', '', '', '17/10/2014', '', ''),
(60, 10, 'CO00041', '0004F21541B7', 'COLOMBIA', 'PRODUCTO', 'NATALIA MARIN', '', '', '', '16/09/2014', '', ''),
(61, 10, 'CO00042', '0004F2154962', 'COLOMBIA', 'MERCADEO', 'ANDRES ACEVEDO', '', '', '', '12/09/2014', '', ''),
(62, 10, 'CO00043', '0004F21616F0', 'COLOMBIA', 'PRODUCTO', 'ALEJANDRA RESTREPO', '', '', '', '16/09/2014', '', ''),
(63, 4, 'CO00241', '000B820F85CE', 'COLOMBIA', 'TECNOLOGÍA', 'TECNOLOGIA', '', '', '', '23/10/2014', '', ''),
(64, 35, 'CO00263', '000B820F85CB', 'COLOMBIA', 'ADMINISTRATIVO', 'GLOVIRONIA MEJIA', '', '', '', '23/10/2014', '', ''),
(65, 35, 'CO00044', '000B820F85C2', 'COLOMBIA', 'ADMINISTRATIVO', 'CATALINA GOMEZ', '', '', '', '26/09/2014', '', ''),
(66, 4, 'CO00045', '0004F218C6B7', 'COLOMBIA', 'TECNOLOGÍA', 'MAURICIO GARCIA', '', '', '', '12/09/2014', '', ''),
(67, 35, 'CO00054', '1FA400FFF0110022', 'COLOMBIA', 'PRODUCTO', 'DIANA CANO', '', '', '', '15/09/2014', '', ''),
(68, 4, 'CO00046', '0004F218A4DD', 'COLOMBIA', 'TECNOLOGÍA', 'SANTIAGO MONSALVE', '', '', '', '12/09/2014', '', ''),
(69, 35, 'CO00237', '000B820F85C9', 'COLOMBIA', 'ADMINISTRATIVO', 'ALEXANDRA MARIA VASQUEZ', '', '', '', '23/10/2014', '', ''),
(70, 4, 'CO00047', '0004F2189E41', 'COLOMBIA', 'MERCADEO', 'PAULA LOPERA', '', '', '', '12/09/2014', '', ''),
(71, 4, 'CO00048', '0004F2187146', 'COLOMBIA', 'MERCADEO', 'XIOMARA DUQUE', '', '', '', '12/09/2014', '', ''),
(72, 35, 'CO00249', '000B820F85C1', 'COLOMBIA', 'ADMINISTRATIVO', 'LIZETH RAMIREZ ROJAS', '', '', '', '23/10/2014', '', ''),
(73, 4, 'CO00049', '0004F2206A05', 'COLOMBIA', 'PRODUCTO', 'CARLOS GOMEZ', '', '', '', '15/09/2015', '', ''),
(74, 4, 'CO00050', '0004F218A8B8', 'COLOMBIA', 'MERCADEO', 'JORGE MONTOYA', '', '', '', '12/09/2014', '', ''),
(75, 4, 'CO00245', '000B820F85CF', 'COLOMBIA', 'ADMINISTRATIVO', 'CLAUDIA PATRICIA DAVID', '', '', '', '23/10/2014', '', ''),
(76, 4, 'CO00051', '0004F21745FB', 'COLOMBIA', 'PRODUCTO', 'LAURA BARRERA', '', '', '', '16/09/2014', '', ''),
(77, 10, 'CO00052', '0004F215B95D', 'COLOMBIA', 'PRODUCTO', 'XIMENA RAMIREZ', '', '', '', '16/09/2014', '', ''),
(78, 4, 'CO00253', '0004F2193DC9', 'COLOMBIA', 'ADMINISTRATIVO', 'DIANA SIERRA', '', '', '', '23/10/2014', '', ''),
(79, 10, 'CO00302', '0004F2154395', 'COLOMBIA', 'TECNOLOGÍA', 'TECNOLOGIA', '', '', '', '27/10/2014', '', ''),
(80, 5, 'CO00061', '307HADB00418', 'COLOMBIA', 'MERCADEO', 'MERCADEO', '', '', '', '12/09/2014', '', ''),
(81, 2, 'CO00062', 'AKB73315601', 'COLOMBIA', 'MERCADEO', 'MERCADEO', '', '', '', '12/09/2014', '', ''),
(82, 3, 'CO00063', 'KGQU67ZD247550V', 'COLOMBIA', 'MERCADEO', 'TECNOLOGIA', '15/07/2014', '', '', '12/09/2014', '', ''),
(83, 6, 'CO00064', 'YM9110020TG', 'COLOMBIA', 'MERCADEO', 'MERCADEO', '', '', '', '12/09/2014', '', ''),
(84, 7, 'CO00065', '92QNDZ1', 'COLOMBIA', 'MERCADEO', 'ESTEBAN JARAMILLO', '', '', '', '12/09/2014', '', ''),
(85, 8, 'CO00066', 'C02KGDVWDNCV', 'COLOMBIA', 'MERCADEO', 'JORGE MONTOYA', '', '', '', '12/09/2014', '', ''),
(86, 8, 'CO00067', 'C02KGDM3DNCV', 'COLOMBIA', 'MERCADEO', 'ANDRES FELIPE MONTOYA', '', '', '', '12/09/2014', '', ''),
(87, 9, 'CO00068', 'E2FWJJHDA12107', 'COLOMBIA', 'MERCADEO', 'ANDRES FELIPE MONTOYA', '', '', '', '12/09/2014', '', ''),
(88, 11, 'CO00069', '9TZSGD1', 'COLOMBIA', 'MERCADEO', 'MARIA BUILES', '', '', '', '12/09/2014', '', ''),
(89, 12, 'CO00070', '9PXPBQ1', 'COLOMBIA', 'MERCADEO', 'ANDRES ACEVEDO', '', '', '', '12/09/2014', '', ''),
(90, 13, 'CO00071', '', 'COLOMBIA', 'MERCADEO', 'MERCADEO', '', '', '', '12/09/2014', '', ''),
(91, 14, 'CO00072', '12P1BN1', 'COLOMBIA', 'MERCADEO', 'CESAR QUINTERO', '', '', '', '12/09/2014', '', ''),
(92, 11, 'CO00073', '1DC3KD1', 'COLOMBIA', 'MERCADEO', 'PAULA LOPERA', '', '', '', '15/09/2014', '', ''),
(93, 1, 'CO00074', '307HAZX00101', 'COLOMBIA', 'MERCADEO', 'MERCADEO', '', '', '', '15/09/2014', '', ''),
(94, 2, 'CO00075', 'AKB73315601', 'COLOMBIA', 'MERCADEO', 'MERCADEO', '', '', '', '15/09/2014', '', ''),
(95, 3, 'CO00076', 'KGQU67ZD8026N6F', 'COLOMBIA', 'MERCADEO', 'MERCADEO', '15/07/2014', '', '', '15/09/2014', '', ''),
(96, 94, 'CO00077', '004UXNUFH903', 'COLOMBIA', 'MERCADEO', 'JUAN CARLOS MONTOYA', '', '', '', '15/09/2014', '', ''),
(97, 19, 'CO00084', '45KVKJ1', 'COLOMBIA', 'MERCADEO', 'XIOMARA DUQUE', '', '', '', '15/09/2014', '', ''),
(98, 25, 'CO00087', 'CN-0TP219-64180-77R-33BS', 'COLOMBIA', 'MERCADEO', 'MARIA BUILES', '', '', '', '15/09/2014', '', ''),
(99, 27, 'CO00090', 'MX-0XW368-46634-77N-1WVU', 'COLOMBIA', 'MERCADEO', 'PAULA LOPERA', '', '', '', '15/09/2014', '', ''),
(100, 5, 'CO00091', '307HAMG00347', 'COLOMBIA', 'PRODUCTO', 'PRODUCTO', '', '', '', '15/09/2014', '', ''),
(101, 2, 'CO00092', 'AKB73315601', 'COLOMBIA', 'PRODUCTO', 'PRODUCTO', '', '', '', '15/09/2014', '', ''),
(102, 3, 'CO00093', 'KGQU67ZD247818N', 'COLOMBIA', 'PRODUCTO', 'TECNOLOGIA', '15/07/2014', '', '', '15/09/2014', '', ''),
(103, 29, 'CO00094', '6SWTQS1', 'COLOMBIA', 'PRODUCTO', 'JUAN CAMILO LONDOÑO', '', '', '', '15/09/2014', '', ''),
(104, 7, 'CO00095', '9SKWH02', 'COLOMBIA', 'CONTACT CENTER', 'SANTIAGO RAMOS', '', '', '', '15/09/2014', '', ''),
(105, 31, 'CO00097', 'CND1R47932', 'COLOMBIA', 'PRODUCTO', 'PRODUCTO', '', '', '', '15/09/2014', '', ''),
(106, 32, 'CO00099', 'DGDLYV1', 'COLOMBIA', 'CONTACT CENTER', 'ANGELA RESTREPO', '', '', '', '16/09/2014', '', ''),
(107, 32, 'CO00101', 'DG8MYV1', 'COLOMBIA', 'CONTACT CENTER', 'SEBASTIAN FRANCO', '', '', '', '16/09/2014', '', ''),
(108, 33, '', '', 'COLOMBIA', 'MERCADEO', 'ESTEBAN JARAMILLO', '', '', '', '16/09/2014', '', ''),
(109, 7, 'CO00103', 'J9PMJ02', 'COLOMBIA', 'CONTACT CENTER', 'ELIZABETH LOPEZ', '', '', '', '16/09/2014', '', ''),
(110, 7, 'CO00105', 'J9NLJ02', 'COLOMBIA', 'PRODUCTO', 'MARLA MEJIA', '', '', '', '16/09/2014', '', ''),
(111, 11, 'CO00107', 'HCC3KD1', 'COLOMBIA', 'PRODUCTO', 'DIANA CANO', '', '', '', '16/09/2014', '', ''),
(112, 27, 'CO00108', 'MX-0XW368-46634-77N-28JU', 'COLOMBIA', 'PRODUCTO', 'DIANA CANO', '', '', '', '16/09/2014', '', ''),
(113, 36, 'CO00110', 'DW0Q1Y1', 'COLOMBIA', 'PRODUCTO', 'NATALIA MARIN', '', '', '', '16/09/2014', '', ''),
(114, 29, 'CO00111', '8SWTQS1', 'COLOMBIA', 'PRODUCTO', 'ALEJANDRA RESTREPO', '', '', '', '16/09/2014', '', ''),
(115, 4, 'CO00055', '0004F2246AAE', 'COLOMBIA', 'CONTACT CENTER', 'CAROLINA GALLEGO', '', '', '', '16/09/2014', '', ''),
(116, 32, 'CO00113', '8YZJYV1', 'COLOMBIA', 'CONTACT CENTER', 'CAROLINA GALLEGO', '', '', '', '16/09/2014', '', ''),
(117, 32, 'CO00115', 'DG9KYV1', 'COLOMBIA', 'CONTACT CENTER', 'LAURA VALENCIA VALDERRAMA', '', '', '', '16/09/2014', '', ''),
(118, 32, 'CO00117', 'DGFDYV1', 'COLOMBIA', 'CONTACT CENTER', 'DIANA MILENA SALDARRIAGA', '', '', '', '16/09/2014', '', ''),
(119, 7, 'CO00119', '9SKXH02', 'COLOMBIA', 'CONTACT CENTER', 'LILLIBETH VALDERRAMA HERNADEZ', '', '', '', '16/09/2014', '', ''),
(120, 32, 'CO00121', 'DG6MYV1', 'COLOMBIA', 'CONTACT CENTER', 'ANA MILENA RIVERA LOPEZ', '', '', '', '16/09/2014', '', ''),
(121, 32, 'CO00123', 'DGBKYV1', 'COLOMBIA', 'CONTACT CENTER', 'VIRGINIA HERRERA', '', '', '', '16/09/2014', '', ''),
(122, 32, 'CO00125', 'DGFLYV1', 'COLOMBIA', 'CONTACT CENTER', 'LUISA GONZALES', '', '', '', '16/09/2014', '', ''),
(123, 7, 'CO00127', '92QPDZ1', 'COLOMBIA', 'CONTACT CENTER', 'MAURICIO RIVERA', '', '', '', '16/09/2014', '', ''),
(124, 32, 'CO00128', 'DGDMYV1', 'COLOMBIA', 'CONTACT CENTER', 'LUISA ZAPATA', '', '', '', '16/09/2014', '', ''),
(125, 36, 'CO00130', '3T6CFT1', 'COLOMBIA', 'CONTACT CENTER', 'PAULA LARREA', '', '', '', '16/09/2014', '', ''),
(126, 37, 'CO00131', '359276056970174', 'COLOMBIA', 'CONTACT CENTER', 'CONTACT CENTER', '', '', '', '16/09/2014', '', ''),
(127, 37, 'CO00132', '359276054795474', 'COLOMBIA', 'CONTACT CENTER', 'CONTACT CENTER', '', '', '', '16/09/2014', '', ''),
(128, 29, 'CO00133', 'HDXTQS1', 'COLOMBIA', 'CONTACT CENTER', 'CONTACT CENTER', '', '', '', '16/09/2014', '', ''),
(129, 29, 'CO00134', '9SWTQS1', 'COLOMBIA', 'CONTACT CENTER', 'TECNOLOGIA', '', '', '', '16/09/2014', '', ''),
(130, 7, 'CO00137', 'J9PKJ02', 'COLOMBIA', 'CONTACT CENTER', 'ALEXANDER CARDENAS', '', '', '', '17/09/2014', '', ''),
(131, 41, 'CO00138', 'DN6GHL0VDFJ3', 'COLOMBIA', 'PRODUCTO', 'ALEJANDRA RESTREPO', '', '', '', '17/09/2014', '', ''),
(132, 42, 'CO00139', '357264046087400', 'COLOMBIA', 'CONTACT CENTER', 'CONTACT CENTER', '', '', '', '17/09/2014', '', ''),
(133, 42, 'CO00140', '357264043240978', 'COLOMBIA', 'CONTACT CENTER', 'TECNOLOGIA', '', '', '', '17/09/2014', '', ''),
(134, 32, 'CO00142', 'DGBMYV1', 'COLOMBIA', 'CONTACT CENTER', 'LAURA MONSALVE', '', '', '', '17/09/2014', '', ''),
(135, 43, 'CO00143', 'CNH8C9H04N', 'COLOMBIA', 'CONTACT CENTER', 'CONTACT CENTER', '', '', '', '17/09/2014', '', ''),
(136, 44, 'CO00144', 'CNRK470045', 'COLOMBIA', 'CONTACT CENTER', 'CONTACT CENTER', '', '', '', '17/09/2014', '', ''),
(137, 45, 'CO00146', 'CN-0C5369-64180-45K-1A9H', 'COLOMBIA', 'CONTACT CENTER', 'CONTACT CENTER', '', '', '', '17/09/2014', '', ''),
(138, 46, 'CO00147', '87Y5S51', 'COLOMBIA', 'CONTACT CENTER', 'CONTACT CENTER', '', '', '', '17/09/2014', '', ''),
(139, 10, 'CO00057', '0004F215B9AD', 'COLOMBIA', 'CONTACT CENTER', 'DIANA HERNANDEZ', '', '', '', '17/09/2014', '', ''),
(140, 32, 'CO00149', 'DGDGYV1', 'COLOMBIA', 'CONTACT CENTER', 'DIANA HERNANDEZ', '', '', '', '17/09/2014', '', ''),
(141, 4, 'CO00058', '0004F219687E', 'COLOMBIA', 'CONTACT CENTER', 'SHIRLEY NATACHA LASTRE', '', '', '', '17/09/2014', '', ''),
(142, 32, 'CO00151', 'DG6LYV1', 'COLOMBIA', 'CONTACT CENTER', 'SHIRLEY NATACHA LASTRE', '', '', '', '17/09/2014', '', ''),
(143, 7, 'CO00153', '92QQDZ1', 'COLOMBIA', 'CONTACT CENTER', 'EDWIN ARLEY BOTERO', '', '', '', '18/09/2014', '', ''),
(144, 32, 'CO00155', 'DG7MYV1', 'COLOMBIA', 'CONTACT CENTER', 'SEBASTIAN RAMIREZ', '', '', '', '18/09/2014', '', ''),
(145, 32, 'CO00157', 'DGBLYV1', 'COLOMBIA', 'CONTACT CENTER', 'WILLIAM GARCIA', '', '', '', '18/09/2014', '', ''),
(146, 32, 'CO00159', 'DGCKYV1', 'COLOMBIA', 'CONTACT CENTER', 'SEBASTIAN OSPINA', '', '', '', '18/09/2014', '', ''),
(147, 32, 'CO00161', 'DGFKYV1', 'COLOMBIA', 'CONTACT CENTER', 'MARIA ALEJANDRA SUAREZ', '', '', '', '18/09/2014', '', ''),
(148, 32, 'CO00163', 'DG7KYV1', 'COLOMBIA', 'CONTACT CENTER', 'DANIEL CARDENAS', '', '', '', '18/09/2014', '', ''),
(149, 48, 'CO00166', '4LCQA059748', 'COLOMBIA', 'CONTACT CENTER', 'CONTACT CENTER', '', '', '', '18/09/2014', '', ''),
(150, 46, 'CO00167', 'JNDKR91', 'COLOMBIA', 'CONTACT CENTER', 'CONTACT CENTER', '', '', '', '18/09/2014', '', ''),
(151, 49, 'CO00169', 'CN-0TP222-73731-77S-5M3C', 'COLOMBIA', 'CONTACT CENTER', 'CONTACT CENTER', '', '', '', '18/09/2014', '', ''),
(152, 32, 'CO00171', 'DGDKYV1', 'COLOMBIA', 'CONTACT CENTER', 'CAROL OBANDO', '', '', '', '18/09/2014', '', ''),
(153, 32, 'CO00173', 'DGCMYV1', 'COLOMBIA', 'CONTACT CENTER', 'LINA BEDOYA', '', '', '', '19/09/2014', '', ''),
(154, 32, 'CO00175', 'DG9MYV1', 'COLOMBIA', 'CONTACT CENTER', 'CLAUDIA GARCIA', '', '', '', '19/09/2014', '', ''),
(155, 7, 'CO00177', 'J9NKJ02', 'COLOMBIA', 'CONTACT CENTER', 'ANA OCHOA', '', '', '', '19/09/2014', '', ''),
(156, 32, 'CO00179', 'DG8LYV1', 'COLOMBIA', 'CONTACT CENTER', 'LUISA RAMIREZ', '', '', '', '19/09/2014', '', ''),
(157, 32, 'CO00181', 'DGCLYV1', 'COLOMBIA', 'CONTACT CENTER', 'JOHN ATEHORTUA', '', '', '', '19/09/2014', '', ''),
(158, 3, 'CO00182', 'KGQU67ZD279027J', 'COLOMBIA', 'CONTACT CENTER', 'TECNOLOGIA', '15/07/2014', '', '', '19/09/2014', '', ''),
(159, 3, 'CO00183', 'KGQU67ZD434560B', 'COLOMBIA', 'CONTACT CENTER', 'TECNOLOGIA', '15/07/2014', '', '', '19/09/2014', '', ''),
(160, 3, 'CO00184', 'KGQU67ZD434561K', 'COLOMBIA', 'CONTACT CENTER', 'TECNOLOGIA', '15/07/2014', '', '', '19/09/2014', '', ''),
(161, 3, 'CO00185', 'KGQU67ZD638186J', 'COLOMBIA', 'CONTACT CENTER', 'TECNOLOGIA', '15/07/2014', '', '', '19/09/2014', '', ''),
(162, 3, 'CO00186', 'KGQU67ZD279026H', 'COLOMBIA', 'CONTACT CENTER', 'TECNOLOGIA', '15/07/2014', '', '', '19/09/2014', '', ''),
(163, 3, 'CO00187', 'KGQU67ZD445902Z', 'COLOMBIA', 'CONTACT CENTER', 'TECNOLOGIA', '15/07/2014', '', '', '19/09/2014', '', ''),
(164, 50, 'CO00188', '311KAXV00002', 'COLOMBIA', 'CONTACT CENTER', 'CONTACT CENTER', '', '', '', '19/09/2014', '', ''),
(165, 50, 'CO00189', '310KAYR00002', 'COLOMBIA', 'CONTACT CENTER', 'CONTACT CENTER', '', '', '', '19/09/2014', '', ''),
(166, 3, 'CO00190', 'KGQU67ZD8026N3T', 'COLOMBIA', 'TECNOLOGÍA', 'TECNOLOGIA', '15/07/2014', '', '', '19/09/2014', '', ''),
(167, 3, 'CO00191', 'KGQU67ZD8026N7K', 'COLOMBIA', 'MERCADEO', 'TECNOLOGIA', '15/07/2014', '', '', '19/09/2014', '', ''),
(168, 11, 'CO00192', 'GDC3KD1', 'COLOMBIA', 'TECNOLOGÍA', 'IVAN SHOL PAYARES', '', '', '', '22/09/2014', '', ''),
(169, 27, 'CO00194', 'CN-0RY979-74261-812-41KS', 'COLOMBIA', 'TECNOLOGÍA', 'IVAN SHOL PAYARES', '', '', '', '22/09/2014', '', ''),
(170, 51, 'CO00195', 'F30639A001114', 'COLOMBIA', 'TECNOLOGÍA', 'TECNOLOGIA', '', '', '', '22/09/2014', '', ''),
(171, 52, '', 'FGT60D4613053151', 'PERÚ', 'LIMA', 'TECNOLOGIA', '', '', '', '22/09/2014', '', ''),
(172, 53, '', 'FAP21B3U13006347', 'PERÚ', 'LIMA', 'TECNOLOGIA', '', '', '', '22/09/2014', '', ''),
(173, 52, '', 'FGT60D4613053858', 'ECUADOR', 'QUITO', 'TECNOLOGIA', '', '', '', '22/09/2014', '', ''),
(174, 52, 'CO00196', 'FGT60D4613053505', 'COLOMBIA', 'BOGOTÁ', 'TECNOLOGIA', '', '', '', '22/09/2014', '', ''),
(175, 52, 'CO00198', 'FGT60D4613052624', 'COLOMBIA', 'CALI', 'TECNOLOGIA', '', '', '', '22/09/2014', '', ''),
(176, 52, 'CO00199', 'FGT60D4613053506', 'COLOMBIA', 'TECNOLOGÍA', 'TECNOLOGIA', '', '', '', '22/09/2014', '', ''),
(177, 54, 'CO00197', 'FAP14C3X13003379', 'COLOMBIA', 'TECNOLOGÍA', 'TECNOLOGIA', '', '', '', '22/09/2014', '', ''),
(178, 11, 'CO00201', '1FC3KD1', 'COLOMBIA', 'TECNOLOGÍA', 'OSCAR BUITRAGO', '', '', '', '22/09/2014', '', ''),
(179, 27, 'CO00202', 'MX-0XW368-46634-77N-1YWU', 'COLOMBIA', 'TECNOLOGÍA', 'OSCAR BUITRAGO', '', '', '', '22/09/2014', '', ''),
(180, 58, 'CO00204', '7VWPBQ1', 'COLOMBIA', 'TECNOLOGÍA', 'SANTIAGO MONSALVE', '', '', '', '22/09/2014', '', ''),
(181, 59, 'CO00205', 'CD3380151530B', 'COLOMBIA', 'TECNOLOGÍA', 'TECNOLOGIA', '', '', '', '24/09/2014', '', ''),
(182, 58, 'CO00207', 'BX7SBQ1', 'COLOMBIA', 'TECNOLOGÍA', 'MAURICIO GARCIA', '', '', '', '24/09/2014', '', ''),
(183, 61, 'CO00208', '2SJFPY1', 'COLOMBIA', 'TECNOLOGÍA', 'ALEJANDRO BOTERO', '', '', '', '24/09/2014', '', ''),
(184, 63, 'CO00209', '9IARA030535', 'COLOMBIA', 'ADMINISTRATIVO', 'JENNIFER ANDREA MONA GARCIA', '', '', '', '26/09/2014', '', ''),
(185, 64, 'CO00211', 'CN-0MC040-64180-61U-DNKL', 'COLOMBIA', 'ADMINISTRATIVO', 'JENNIFER ANDREA MONA GARCIA', '', '', '', '26/09/2014', '', ''),
(186, 11, 'CO00212', '6TZSGD1', 'COLOMBIA', 'ADMINISTRATIVO', 'JENNIFER ANDREA MONA GARCIA', '', '', '', '26/09/2014', '', ''),
(187, 49, 'CO00214', 'CN-0TP222-73731-781-E8VC', 'COLOMBIA', 'ADMINISTRATIVO', 'MILVIA LONDOÑO', '', '', '', '26/09/2014', '', ''),
(188, 11, 'CO00215', '7FC3KD1', 'COLOMBIA', 'ADMINISTRATIVO', 'MILVIA LONDOÑO', '', '', '', '26/09/2014', '', ''),
(189, 27, 'CO00217', 'MX-0XW368-46634-77N-1YEU', 'COLOMBIA', 'ADMINISTRATIVO', 'CATALINA GOMEZ', '', '', '', '26/09/2014', '', ''),
(190, 11, 'CO00218', 'DDC3KD1', 'COLOMBIA', 'ADMINISTRATIVO', 'CATALINA GOMEZ', '', '', '', '26/09/2014', '', ''),
(191, 65, 'CO00219', '', 'COLOMBIA', 'ADMINISTRATIVO', 'CATALINA GOMEZ', '', '', '', '26/09/2014', '', ''),
(192, 66, 'CO00220', '0004F2E26D26', 'COLOMBIA', 'ADMINISTRATIVO', 'GERENCIA', '', '', '', '26/09/2014', '', ''),
(193, 67, 'CO00221', 'PSPK2502943', 'COLOMBIA', 'ADMINISTRATIVO', 'GERENCIA', '', '', '', '26/09/2014', '', ''),
(194, 68, 'CO00222', 'VND3B64509', 'COLOMBIA', 'ADMINISTRATIVO', 'OLGA DEVIA', '', '', '', '26/09/2014', '', ''),
(195, 61, 'CO00223', '3SJFPY1', 'COLOMBIA', 'ADMINISTRATIVO', 'OLGA DEVIA', '', '', '', '26/09/2014', '', ''),
(196, 70, '', 'CN-0F491K-28298-04T-0775-A02', 'PERÚ', 'LIMA', 'TECNOLOGIA', '', '', '', '07/10/2014', '', ''),
(197, 35, '', '000B820F8572', 'PERÚ', 'LIMA', 'TECNOLOGIA', '', '', '', '08/10/2014', '', ''),
(198, 11, 'CO00226', 'JDC3KD1', 'COLOMBIA', 'ADMINISTRATIVO', 'GUSTAVO CANO', '', '', '', '07/10/2014', '', ''),
(199, 49, 'CO00227', 'CN-OTP222-73731-781-E8LC', 'COLOMBIA', 'ADMINISTRATIVO', 'GUSTAVO CANO', '', '', '', '07/10/2014', '', ''),
(200, 7, '', '8Y84W12', 'PERÚ', 'LIMA', 'MARIA RIOS', '', '', '', '12/10/2014', '', ''),
(201, 7, '', 'C15KK02', 'PERÚ', 'LIMA', 'VANESSA GUTIERREZ', '', '', '', '12/10/2014', '', ''),
(202, 7, '', 'GB2HCZ1', 'PERÚ', 'LIMA', 'GISELLA ALVA', '', '', '', '12/10/2014', '', ''),
(203, 7, '', 'GB1LCZ1', 'PERÚ', 'LIMA', 'SANDRO YBAZETA', '', '', '', '12/10/2014', '', ''),
(204, 31, '', 'CND1R27680', 'PERÚ', 'LIMA', '', '', '', '', '12/10/2014', '', ''),
(205, 72, '', 'CND8FBF69T', 'PERÚ', 'LIMA', '', '', '', '', '12/10/2014', '', ''),
(206, 73, '', '50L9412', 'PERÚ', 'LIMA', 'JULIO DEL CARPIO', '', '', '', '12/10/2014', '', ''),
(207, 73, '', '30L9412', 'PERÚ', 'LIMA', 'ROSANA GUERRA', '', '', '', '12/10/2014', '', ''),
(208, 73, '', '40L9412', 'PERÚ', 'LIMA', 'RICARDO PAZ', '', '', '', '12/10/2014', '', ''),
(209, 29, '', '5SWTQS1', 'PERÚ', 'LIMA', 'ITALA CORDANO', '', '', '', '12/10/2014', '', ''),
(210, 74, '', '0004F211E5B4', 'PERÚ', 'LIMA', 'VANESSA GUTIERREZ', '', '', '', '12/10/2014', '', ''),
(211, 10, '', '0004F2161436', 'PERÚ', 'LIMA', 'GISELLA ALVA', '', '', '', '12/10/2014', '', ''),
(212, 10, '', '0004F217191D', 'PERÚ', 'LIMA', 'SANDRO YBAZETA', '', '', '', '12/10/2014', '', ''),
(213, 10, '', '0004F21615FC', 'PERÚ', 'LIMA', 'JULIO DEL CARPIO', '', '', '', '12/10/2014', '', ''),
(214, 4, '', '0004F21686CF', 'PERÚ', 'LIMA', 'ROSANA GUERRA', '', '', '', '12/10/2014', '', ''),
(215, 10, '', '0004F2157BE8', 'PERÚ', 'LIMA', 'RICARDO PAZ', '', '', '', '12/10/2014', '', ''),
(216, 4, '', '0004F2168720', 'PERÚ', 'LIMA', 'ITALA CORDANO', '', '', '', '12/10/2014', '', ''),
(217, 75, '', 'CNCJ215234', 'PERÚ', 'LIMA', '', '', '', '', '12/10/2014', '', ''),
(218, 76, '', '20131016085', 'PERÚ', 'LIMA', 'MICHEL VASQUEZ', '', '', '', '12/10/2014', '', ''),
(219, 10, '', '0004F215B916', 'PERÚ', 'LIMA', 'MICHEL VASQUEZ', '', '', '', '12/10/2014', '', ''),
(220, 77, '', 'MFFK081576', 'PERÚ', 'LIMA', 'MICHEL VASQUEZ', '', '', '', '12/10/2014', '', ''),
(221, 35, '', '1FA400FFF0110132', 'PERÚ', 'LIMA', 'MARIA RIOS', '', '', '', '12/10/2014', '', ''),
(222, 78, '', 'V89H9LBB05863L', 'PERÚ', 'LIMA', '', '', '', '', '12/10/2014', '', ''),
(223, 79, '', '831EP995TRE8', 'PERÚ', 'LIMA', '', '', '', '', '12/10/2014', '', ''),
(224, 80, '', 'WMAP96475902', 'PERÚ', 'LIMA', '', '', '', '', '12/10/2014', '', ''),
(225, 81, '', '7QVPFD1', 'PERÚ', 'LIMA', '', '', '', '', '12/10/2014', '', ''),
(226, 81, '', 'GQVPFD1', 'PERÚ', 'LIMA', '', '', '', '', '12/10/2014', '', ''),
(227, 2, '', '6711A20111', 'PERÚ', 'LIMA', '', '', '', '', '12/10/2014', '', ''),
(228, 85, '', 'MEZ42277416', 'PERÚ', 'LIMA', '', '', '', '', '12/10/2014', '', ''),
(229, 86, '', 'C7F3T23502215', 'PERÚ', 'LIMA', '', '', '', '', '12/10/2014', '', ''),
(230, 87, '', 'CN-0M4575-28298-51J-0278', 'PERÚ', 'LIMA', '', '', '', '', '12/10/2014', '', ''),
(231, 88, '', 'S060Y34083668', 'PERÚ', 'LIMA', '', '', '', '', '12/10/2014', '', ''),
(232, 89, '', 'DY16276000330', 'PERÚ', 'LIMA', '', '', '', '', '12/10/2014', '', ''),
(233, 91, '', 'CNF7024Q13', 'PERÚ', 'LIMA', '', '', '', '', '12/10/2014', '', ''),
(234, 11, '', 'FHB5MC1', 'PERÚ', 'LIMA', '', '', '', '', '12/10/2014', '', ''),
(235, 11, '', 'DGB5MC1', 'PERÚ', 'LIMA', '', '', '', '', '12/10/2014', '', ''),
(236, 11, '', '', 'PERÚ', 'LIMA', '', '', '', '', '12/10/2014', '', ''),
(237, 92, '', 'BD30L89000185', 'PERÚ', 'LIMA', '', '', '', '', '12/10/2014', '', ''),
(238, 93, '', 'DRBWEE1001669', 'PERÚ', 'LIMA', '', '', '', '', '12/10/2014', '', ''),
(239, 53, '', 'FAP21B3U13006124', 'ECUADOR', 'QUITO', 'TECNOLOGIA', '', '', '', '22/10/2014', '', ''),
(240, 95, 'CO00225', '', 'COLOMBIA', 'GERENCIA', 'GERENCIA', '', '', '', '22/10/2014', '', ''),
(241, 27, 'CO00230', 'CN-ORY979-74261-812-41JS', 'COLOMBIA', 'ADMINISTRATIVO', 'MARILUZ DUQUE', '', '', '', '23/10/2014', '', ''),
(242, 11, 'CO00231', 'DTZSGD1', 'COLOMBIA', 'ADMINISTRATIVO', 'MARILUZ DUQUE', '', '', '', '23/10/2014', '', ''),
(243, 49, 'CO00234', 'CN-0TP222-73731-781-E87C', 'COLOMBIA', 'ADMINISTRATIVO', 'NORA ELENA ESCOBAR', '', '', '', '23/10/2014', '', ''),
(244, 11, 'CO00235', 'HDC3KD1', 'COLOMBIA', 'ADMINISTRATIVO', 'NORA ELENA ESCOBAR', '', '', '', '23/10/2014', '', ''),
(245, 25, 'CO00238', 'CN-0TP219-64180-77R-32HS', 'COLOMBIA', 'ADMINISTRATIVO', 'ALEXANDRA MARIA VASQUEZ', '', '', '', '23/10/2014', '', ''),
(246, 11, 'CO00239', '8TZSGD1', 'COLOMBIA', 'ADMINISTRATIVO', 'ALEXANDRA MARIA VASQUEZ', '', '', '', '23/10/2014', '', ''),
(247, 27, 'CO00242', 'MX-0XW368-46634-77N-28FU', 'COLOMBIA', 'ADMINISTRATIVO', 'JENIFER ANDREA BURITICA', '', '', '', '23/10/2014', '', ''),
(248, 11, 'CO00243', 'BTZSGD1', 'COLOMBIA', 'ADMINISTRATIVO', 'JENIFER ANDREA BURITICA', '', '', '', '23/10/2014', '', ''),
(249, 49, 'CO00246', 'CN-OTP222-73731-781-E96C', 'COLOMBIA', 'ADMINISTRATIVO', 'CLAUDIA PATRICIA DAVID', '', '', '', '23/10/2014', '', ''),
(250, 11, 'CO00247', '5DC3KD1', 'COLOMBIA', 'ADMINISTRATIVO', 'CLAUDIA PATRICIA DAVID', '', '', '', '23/10/2014', '', ''),
(251, 49, 'CO00250', 'CN-0TP222-73731-781-E91C', 'COLOMBIA', 'ADMINISTRATIVO', 'LIZETH RAMIREZ ROJAS', '', '', '', '23/10/2014', '', ''),
(252, 11, 'CO00251', '7DC3KD1', 'COLOMBIA', 'ADMINISTRATIVO', 'LIZETH RAMIREZ ROJAS', '', '', '', '23/10/2014', '', ''),
(253, 36, 'CO00252', 'FW0Q1Y1', 'COLOMBIA', 'ADMINISTRATIVO', 'DIAN SIERRA', '', '', '', '23/10/2014', '', ''),
(254, 49, 'CO00256', 'CN-OTP222-73731-781-E8KC', 'COLOMBIA', 'ADMINISTRATIVO', 'HOVER ARVEY HERRERA', '', '', '', '23/10/2014', '', ''),
(255, 11, 'CO00257', '2DC3KD1', 'COLOMBIA', 'ADMINISTRATIVO', 'HOVER ARVEY HERRERA', '', '', '', '23/10/2014', '', ''),
(256, 25, 'CO00260', 'CN-0TP219-64180-77R-32NS', 'COLOMBIA', 'ADMINISTRATIVO', 'KAREN YURLEY CARO', '', '', '', '23/10/2014', '', ''),
(257, 11, 'CO00261', '8DC3KD1', 'COLOMBIA', 'ADMINISTRATIVO', 'KAREN YURLEY CARO', '', '', '', '23/10/2014', '', ''),
(258, 49, 'CO00264', 'CN-0TP222-73731-781-E8WC', 'COLOMBIA', 'ADMINISTRATIVO', 'GLOVIRONIA MEJIA', '', '', '', '23/10/2014', '', ''),
(259, 11, 'CO00265', '4DC3KD1', 'COLOMBIA', 'ADMINISTRATIVO', 'GLOVIRONIA MEJIA', '', '', '', '23/10/2014', '', ''),
(260, 7, 'CO00268', 'CG4LCZ1', 'COLOMBIA', 'ADMINISTRATIVO', 'FATIMA POSADA', '', '', '', '23/10/2014', '', ''),
(261, 14, 'CO00269', '1ZJZ6N1', 'COLOMBIA', 'ADMINISTRATIVO', 'GLORIA UBENI VALENCIA', '', '', '', '23/10/2014', '', ''),
(262, 97, 'CO00273', '', 'COLOMBIA', 'ADMINISTRATIVO', 'ADMINISTRATIVO', '', '', '', '23/10/2014', '', ''),
(263, 56, 'CO00274', 'CNB8D8BSL4', 'COLOMBIA', 'ADMINISTRATIVO', 'TECNOLOGIA', '', '', '', '23/10/2014', '', ''),
(264, 98, 'CO00275', 'M5785600053', 'COLOMBIA', 'ADMINISTRATIVO', 'TECNOLOGIA', '', '', '', '23/10/2014', '', ''),
(265, 29, 'CO00276', '3SWTQS1', 'COLOMBIA', 'COMERCIALES', 'ANDRES MAURICIO MEJIA', '', '', '', '23/10/2014', '', ''),
(266, 71, 'CO00278', '000B820F85C4', 'COLOMBIA', 'ADMINISTRATIVO', 'MARILUZ DUQUE', '', '', '', '24/10/2014', '', ''),
(267, 99, 'CO00279', '', 'COLOMBIA', 'ADMINISTRATIVO', 'SERVICIOS VARIOS', '', '', '', '24/10/2014', '', ''),
(268, 100, 'CO00280', 'WT10136128', 'COLOMBIA', 'ADMINISTRATIVO', 'SERVICIOS VARIOS', '', '', '', '24/10/2014', '', ''),
(269, 36, 'CO00282', '9S6CFT1', 'COLOMBIA', 'COMERCIALES', 'JUAN SEBASTIAN SEGURO', '', '', '', '24/10/2014', '', ''),
(270, 36, 'CO00284', '1V6CFT1', 'COLOMBIA', 'COMERCIALES', 'CAROLINA MONTOYA', '', '', '', '24/10/2014', '', ''),
(271, 32, 'CO00286', 'DGDJYV1', 'COLOMBIA', 'CONTACT CENTER', 'CRISTINA VALDERRAMA', '', '', '', '24/10/2014', '', ''),
(272, 3, 'CO00288', 'KGQU67ZD347074X', 'COLOMBIA', 'ADMINISTRATIVO', 'TECNOLOGIA', '15/07/2014', '', '', '24/10/2014', '', ''),
(273, 3, 'CO00290', 'KGQU67ZD622496Y', 'COLOMBIA', 'ADMINISTRATIVO', 'TECNOLOGIA', '15/07/2014', '', '', '24/10/2014', '', ''),
(274, 14, 'CO00291', 'J1P1BN1', 'COLOMBIA', 'ADMINISTRATIVO', 'DARWIN ARNOLDO LONDOÑO', '', '', '', '24/10/2014', '', ''),
(275, 3, 'CO00292', 'KGQU67ZD759182V', 'COLOMBIA', 'ADMINISTRATIVO', 'TECNOLOGIA', '15/07/2014', '', '', '24/10/2014', '', ''),
(276, 3, 'CO00293', 'KGQU67ZD28720SL', 'COLOMBIA', 'ADMINISTRATIVO', 'TECNOLOGIA', '15/07/2014', '', '', '24/10/2014', '', ''),
(277, 3, 'CO00294', 'KGQU67ZD287208L', 'COLOMBIA', 'ADMINISTRATIVO', 'TECNOLOGIA', '15/07/2014', '', '', '24/10/2014', '', ''),
(278, 3, 'CO00295', 'KGQU67ZD247552T', 'COLOMBIA', 'GERENCIA', 'TECNOLOGIA', '15/07/2014', '', '', '24/10/2014', '', ''),
(279, 3, 'CO00296', 'KGQU67ZD347073D', 'COLOMBIA', 'COMERCIALES', 'TECNOLOGIA', '15/07/2014', '', '', '24/10/2014', '', ''),
(280, 3, 'CO00297', 'KGQU67ZD270537Y', 'COLOMBIA', 'CONTACT CENTER', 'TECNOLOGIA', '15/07/2014', '', '', '24/10/2014', '', ''),
(281, 3, 'CO00298', 'KGQU67ZD275257F', 'COLOMBIA', 'CONTACT CENTER', 'TECNOLOGIA', '15/07/2014', '', '', '24/10/2014', '', ''),
(282, 3, 'CO00300', 'KGQU67ZD622497A', 'COLOMBIA', 'ADMINISTRATIVO', 'TECNOLOGIA', '15/07/2014', '', '', '24/10/2014', '', ''),
(283, 102, 'CO00299', 'KGR66V2D312656Z', 'COLOMBIA', 'ADMINISTRATIVO', 'TECNOLOGIA', '', '', '', '24/10/2014', '', ''),
(284, 10, 'CO00301', '0004F215B998', 'COLOMBIA', 'ADMINISTRATIVO', 'ADMINISTRATIVO', '', '', '', '24/10/2014', '', ''),
(285, 2, 'CO00307', '', 'COLOMBIA', 'CONTACT CENTER', 'TECNOLOGIA', '', '', '', '28/10/2014', '', ''),
(286, 104, 'CO00308', 'H0963CBD700032N', 'COLOMBIA', 'CONTACT CENTER', 'TECNOLOGIA', '', '', '', '28/10/2014', '', ''),
(287, 105, 'CO00309', '', 'COLOMBIA', 'CONTACT CENTER', 'TECNOLOGIA', '', '', '', '28/10/2014', '', ''),
(288, 106, 'CO00310', '1058', 'COLOMBIA', 'CONTACT CENTER', 'SERVICIOS VARIOS', '', '', '', '28/10/2014', '', ''),
(289, 107, 'CO00311', '', 'COLOMBIA', 'CONTACT CENTER', 'SERVICIOS VARIOS', '', '', '', '28/10/2014', '', ''),
(290, 108, 'CO00312', 'ST0704J00286', 'COLOMBIA', 'CONTACT CENTER', 'SERVICIOS VARIOS', '', '', '', '28/10/2014', '', ''),
(291, 109, 'CO00313', '', 'COLOMBIA', 'CONTACT CENTER', 'SERVICIOS VARIOS', '', '', '', '28/10/2014', '', ''),
(292, 110, 'CO00314', '', 'COLOMBIA', 'TECNOLOGÍA', 'TECNOLOGIA', '', '', '', '28/10/2014', '', ''),
(293, 110, 'CO00315', '', 'COLOMBIA', 'MERCADEO', 'TECNOLOGIA', '', '', '', '28/10/2014', '', ''),
(294, 111, 'CO00316', '', 'COLOMBIA', 'MERCADEO', 'TECNOLOGIA', '', '', '', '28/10/2014', '', ''),
(295, 112, 'CO00317', '', 'COLOMBIA', 'MERCADEO', 'TECNOLOGIA', '', '', '', '28/10/2014', '', ''),
(296, 111, 'CO00318', '', 'COLOMBIA', 'MERCADEO', 'TECNOLOGIA', '', '', '', '28/10/2014', '', ''),
(297, 112, 'CO00319', '', 'COLOMBIA', 'MERCADEO', 'TECNOLOGIA', '', '', '', '28/10/2014', '', ''),
(298, 113, 'CO00320', '310KABF00069', 'COLOMBIA', 'CONTACT CENTER', 'TECNOLOGIA', '', '', '', '28/10/2014', '', ''),
(299, 113, 'CO00321', '310KAED00012', 'COLOMBIA', 'CONTACT CENTER', 'TECNOLOGIA', '', '', '', '28/10/2014', '', ''),
(300, 114, 'CO00322', '302TAQP2E564', 'COLOMBIA', 'CONTACT CENTER', 'TECNOLOGIA', '', '', '', '28/10/2014', '', ''),
(301, 115, 'CO00323', '', 'COLOMBIA', 'CONTACT CENTER', 'TECNOLOGIA', '', '', '', '28/10/2014', '', ''),
(302, 116, 'CO00324', '703TASW00438', 'COLOMBIA', 'CONTACT CENTER', 'TECNOLOGIA', '', '', '', '28/10/2014', '', ''),
(303, 117, 'CO00325', 'J6KQ7WDD200280P', 'COLOMBIA', 'CONTACT CENTER', 'TECNOLOGIA', '', '', '', '28/10/2014', '', ''),
(304, 118, 'CO00326', 'CN08RA51JH', 'COLOMBIA', 'TECNOLOGÍA', 'TECNOLOGIA', '', '', '', '28/10/2014', '', ''),
(305, 119, 'CO00327', 'ADYF 69WQ711871M', 'COLOMBIA', 'TECNOLOGÍA', 'TECNOLOGIA', '', '', '', '28/10/2014', '', ''),
(306, 120, 'CO00328', '', 'COLOMBIA', 'TECNOLOGÍA', 'TECNOLOGIA', '', '', '', '28/10/2014', '', ''),
(307, 121, 'CO00329', '0116076', 'COLOMBIA', 'TECNOLOGÍA', 'TECNOLOGIA', '', '', '', '28/10/2014', '', ''),
(308, 122, 'CO00330', '', 'COLOMBIA', 'TECNOLOGÍA', 'TECNOLOGIA', '', '', '', '28/10/2014', '', ''),
(309, 123, 'CO00331', '4120064', 'COLOMBIA', 'TECNOLOGÍA', 'TECNOLOGIA', '', '', '', '29/10/2014', '', ''),
(310, 124, 'CO00332', '', 'COLOMBIA', 'TECNOLOGÍA', 'TECNOLOGIA', '', '', '', '29/10/2014', '', ''),
(311, 125, 'CO00333', 'K062904956', 'COLOMBIA', 'TECNOLOGÍA', 'TECNOLOGIA', '', '', '', '29/10/2014', '', ''),
(312, 4, 'CO00334', '0004F21E6CAA', 'COLOMBIA', 'TECNOLOGÍA', 'TECNOLOGIA', '', '', '', '29/10/2014', '', ''),
(313, 4, 'CO00335', '0004F2247029', 'COLOMBIA', 'TECNOLOGÍA', 'TECNOLOGIA', '', '', '', '29/10/2014', '', ''),
(314, 4, 'CO00336', '0004F2179BFC', 'COLOMBIA', 'TECNOLOGÍA', 'TECNOLOGIA', '', '', '', '29/10/2014', '', ''),
(315, 53, 'CO00337', 'FAP21B3U13006629', 'COLOMBIA', 'TECNOLOGÍA', 'TECNOLOGIA', '', '', '', '29/10/2014', '', ''),
(316, 126, 'CO00338', '', 'COLOMBIA', 'TECNOLOGÍA', 'TECNOLOGIA', '', '', '', '29/10/2014', '', ''),
(317, 127, 'CO00339', '1', 'COLOMBIA', 'TECNOLOGÍA', 'TECNOLOGIA', '', '', '', '29/10/2014', '', ''),
(318, 127, 'CO00340', '2', 'COLOMBIA', 'TECNOLOGÍA', 'TECNOLOGIA', '', '', '', '29/10/2014', '', ''),
(319, 127, 'CO00341', '3', 'COLOMBIA', 'TECNOLOGÍA', 'TECNOLOGIA', '', '', '', '29/10/2014', '', ''),
(320, 127, 'CO00342', '4', 'COLOMBIA', 'TECNOLOGÍA', 'TECNOLOGIA', '', '', '', '29/10/2014', '', ''),
(321, 127, 'CO00343', '5', 'COLOMBIA', 'TECNOLOGÍA', 'TECNOLOGIA', '', '', '', '29/10/2014', '', ''),
(322, 127, 'CO00344', '6', 'COLOMBIA', 'TECNOLOGÍA', 'TECNOLOGIA', '', '', '', '29/10/2014', '', ''),
(323, 127, 'CO00345', '7', 'COLOMBIA', 'TECNOLOGÍA', 'TECNOLOGIA', '', '', '', '29/10/2014', '', ''),
(324, 127, 'CO00346', '8', 'COLOMBIA', 'TECNOLOGÍA', 'TECNOLOGIA', '', '', '', '29/10/2014', '', ''),
(325, 127, 'CO00347', '9', 'COLOMBIA', 'TECNOLOGÍA', 'TECNOLOGIA', '', '', '', '29/10/2014', '', ''),
(326, 127, 'CO00348', '10', 'COLOMBIA', 'TECNOLOGÍA', 'TECNOLOGIA', '', '', '', '29/10/2014', '', ''),
(327, 127, 'CO00349', '11', 'COLOMBIA', 'TECNOLOGÍA', 'TECNOLOGIA', '', '', '', '29/10/2014', '', ''),
(328, 127, 'CO00350', '12', 'COLOMBIA', 'TECNOLOGÍA', 'TECNOLOGIA', '', '', '', '29/10/2014', '', ''),
(329, 127, 'CO00351', '13', 'COLOMBIA', 'TECNOLOGÍA', 'TECNOLOGIA', '', '', '', '29/10/2014', '', ''),
(330, 127, 'CO00352', '14', 'COLOMBIA', 'TECNOLOGÍA', 'TECNOLOGIA', '', '', '', '29/10/2014', '', ''),
(331, 129, 'CO00355', 'D50B349000637', 'COLOMBIA', 'TECNOLOGÍA', 'TECNOLOGIA', '', '', '', '30/10/2014', '', ''),
(332, 130, 'CO00356', '', 'COLOMBIA', 'TECNOLOGÍA', 'TECNOLOGIA', '', '', '', '30/10/2014', '', ''),
(333, 132, 'CO00359', '329923015FAA', 'COLOMBIA', 'TECNOLOGÍA', 'TECNOLOGIA', '', '', '', '30/10/2014', '', ''),
(334, 133, 'CO00360', 'CN-0NW147-71617-18G-011Q', 'COLOMBIA', 'TECNOLOGÍA', 'TECNOLOGIA', '', '', '', '30/10/2014', '', ''),
(335, 133, 'CO00361', 'CN-0NW147-71617-028-0SU6', 'COLOMBIA', 'TECNOLOGÍA', 'TECNOLOGIA', '', '', '', '30/10/2014', '', ''),
(336, 133, 'CO00362', 'CN-0NW147-71617-184-00BL', 'COLOMBIA', 'TECNOLOGÍA', 'TECNOLOGIA', '', '', '', '30/10/2014', '', ''),
(337, 133, 'CO00363', '', 'COLOMBIA', 'TECNOLOGÍA', 'TECNOLOGIA', '', '', '', '30/10/2014', '', ''),
(338, 133, 'CO00364', '', 'COLOMBIA', 'TECNOLOGÍA', 'TECNOLOGIA', '', '', '', '30/10/2014', '', ''),
(339, 135, 'CO00366', '', 'COLOMBIA', 'TECNOLOGÍA', 'TECNOLOGIA', '', '', '', '30/10/2014', '', ''),
(340, 136, 'CO00367', 'CN-05GTT7-48321-167-0809-A04', 'COLOMBIA', 'TECNOLOGÍA', 'TECNOLOGIA', '', '', '', '30/10/2014', '', ''),
(341, 137, 'CO00368', 'LA-3096042', 'COLOMBIA', 'TECNOLOGÍA', 'TECNOLOGIA', '', '', '', '30/10/2014', '', ''),
(342, 138, 'CO00369', '', 'COLOMBIA', 'TECNOLOGÍA', 'TECNOLOGIA', '', '', '', '30/10/2014', '', ''),
(343, 87, 'CO00370', 'CN-0XJ022-28298-761-0084', 'COLOMBIA', 'TECNOLOGÍA', 'TECNOLOGIA', '', '', '', '31/10/2014', '', ''),
(344, 87, 'CO00371', 'CN-0XJ022-28298-761-0085', 'COLOMBIA', 'TECNOLOGÍA', 'TECNOLOGIA', '', '', '', '31/10/2014', '', ''),
(345, 139, 'CO00372', 'BQ6VW12', 'COLOMBIA', 'PRODUCTO', 'CARLOS GOMEZ', '', '', '', '04/11/2014', '', ''),
(346, 87, 'CO00373', 'CN-0XJ022-28298-761-0087', 'COLOMBIA', 'TECNOLOGÍA', 'TECNOLOGIA', '', '', '', '04/11/2014', '', ''),
(347, 140, 'CO00374', 'FGT60B3908607619', 'COLOMBIA', 'TECNOLOGÍA', 'TECNOLOGIA', '', '', '', '04/11/2014', '', ''),
(348, 140, 'CO00375', 'FGT60B3908670453', 'COLOMBIA', 'TECNOLOGÍA', 'TECNOLOGIA', '', '', '', '04/11/2014', '', ''),
(349, 140, 'CO00376', 'FGT60B3908607333', 'COLOMBIA', 'TECNOLOGÍA', 'TECNOLOGIA', '', '', '', '04/11/2014', '', ''),
(350, 140, 'CO00377', 'FGT60B3908634494', 'COLOMBIA', 'TECNOLOGÍA', 'TECNOLOGIA', '', '', '', '04/11/2014', '', ''),
(351, 140, 'CO00378', 'FGT60B3907503455', 'COLOMBIA', 'TECNOLOGÍA', 'TECNOLOGIA', '', '', '', '04/11/2014', '', ''),
(352, 143, 'CO00387', '13574809161', 'COLOMBIA', 'TECNOLOGÍA', 'TECNOLOGIA', '', '', '', '04/11/2014', '', ''),
(353, 146, 'CO00390', '12A87601507', 'COLOMBIA', 'TECNOLOGÍA', 'TECNOLOGIA', '', '', '', '04/11/2014', '', ''),
(354, 51, 'CO00392', 'QB381A9001894', 'COLOMBIA', 'TECNOLOGÍA', 'TECNOLOGIA', '', '', '', '04/11/2014', '', ''),
(355, 148, 'CO00393', 'B23Q357500114', 'COLOMBIA', 'TECNOLOGÍA', 'TECNOLOGIA', '', '', '', '04/11/2014', '', ''),
(356, 148, 'CO00394', 'B23Q168300022', 'COLOMBIA', 'TECNOLOGÍA', 'TECNOLOGIA', '', '', '', '04/11/2014', '', ''),
(357, 93, 'CO00406', 'DRBWA9C002672', 'COLOMBIA', 'TECNOLOGÍA', 'TECNOLOGIA', '', '', '', '04/11/2014', '', ''),
(358, 153, 'CO00407', '1418LZ087Q59', 'COLOMBIA', 'TECNOLOGÍA', 'TECNOLOGIA', '', '', '', '05/11/2014', '', ''),
(359, 154, 'CO00408', 'DY3M8TG9FF54', 'COLOMBIA', 'TECNOLOGÍA', 'TECNOLOGIA', '', '', '', '05/11/2014', '', ''),
(360, 155, 'CO00409', 'AB/9XUQ9R002136C', 'COLOMBIA', 'TECNOLOGÍA', 'TECNOLOGIA', '', '', '', '05/11/2014', '', ''),
(361, 27, 'CO00410', 'CN-0RY979-74261-812-41MS', 'COLOMBIA', 'TECNOLOGÍA', 'MAURICIO GARCIA', '', '', '', '05/11/2014', '', ''),
(362, 156, 'CO00411', 'WXE906837447', 'COLOMBIA', 'TECNOLOGÍA', 'TECNOLOGIA', '', '', '', '05/11/2014', '', ''),
(363, 157, 'CO00412', '', 'COLOMBIA', 'TECNOLOGÍA', 'TECNOLOGIA', '', '', '', '05/11/2014', '', ''),
(364, 158, 'CO00413', '2M11323982', 'COLOMBIA', 'TECNOLOGÍA', 'TECNOLOGIA', '', '', '', '05/11/2014', '', ''),
(365, 49, 'CO00414', 'CN-0TP222-73731-781-E95C', 'COLOMBIA', 'TECNOLOGÍA', 'TECNOLOGIA', '', '', '', '05/11/2014', '', ''),
(366, 27, 'CO00415', 'MX-0XW368-46634-77N-1WGU', 'COLOMBIA', 'TECNOLOGÍA', 'TECNOLOGIA', '', '', '', '05/11/2014', '', ''),
(367, 25, 'CO00416', 'CN-0TP219-64180-77R-334S', 'COLOMBIA', 'TECNOLOGÍA', 'TECNOLOGIA', '', '', '', '05/11/2014', '', ''),
(368, 27, 'CO00417', 'MX-0XW368-46634-77N-240U', 'COLOMBIA', 'TECNOLOGÍA', 'TECNOLOGIA', '', '', '', '05/11/2014', '', ''),
(369, 159, 'CO00418', 'CNC7061T7V', 'COLOMBIA', 'TECNOLOGÍA', 'TECNOLOGIA', '', '', '', '05/11/2014', '', ''),
(370, 146, 'CO00419', '12C93209907', 'COLOMBIA', 'TECNOLOGÍA', 'TECNOLOGIA', '', '', '', '05/11/2014', '', ''),
(371, 160, 'CO00420', '2YDJ2Q1', 'COLOMBIA', 'TECNOLOGÍA', 'TECNOLOGIA', '', '', '', '05/11/2014', '', ''),
(372, 11, 'CO00421', '9DC3KD1', 'COLOMBIA', 'TECNOLOGÍA', 'TECNOLOGIA', '', '', '', '05/11/2014', '', ''),
(373, 11, 'CO00422', 'BHB5MC1', 'COLOMBIA', 'TECNOLOGÍA', 'TECNOLOGIA', '', '', '', '05/11/2014', '', ''),
(374, 11, 'CO00423', '5JB5MC1', 'COLOMBIA', 'TECNOLOGÍA', 'TECNOLOGIA', '', '', '', '05/11/2014', '', ''),
(375, 11, 'CO00424', '5TZSGD1', 'COLOMBIA', 'TECNOLOGÍA', 'TECNOLOGIA', '', '', '', '05/11/2014', '', ''),
(376, 11, 'CO00425', '7TZSGD1', 'COLOMBIA', 'TECNOLOGÍA', 'TECNOLOGIA', '', '', '', '05/11/2014', '', ''),
(377, 161, 'CO00426', 'F2R9BD1', 'COLOMBIA', 'TECNOLOGÍA', 'TECNOLOGIA', '', '', '', '05/11/2014', '', ''),
(378, 161, 'CO00427', 'D2R9BD1', 'COLOMBIA', 'TECNOLOGÍA', 'TECNOLOGIA', '', '', '', '05/11/2014', '', ''),
(379, 161, 'CO00428', 'G2R9BD1', 'COLOMBIA', 'TECNOLOGÍA', 'TECNOLOGIA', '', '', '', '05/11/2014', '', ''),
(380, 161, 'CO00429', '42R9BD1', 'COLOMBIA', 'TECNOLOGÍA', 'TECNOLOGIA', '', '', '', '05/11/2014', '', ''),
(381, 162, 'CO00430', 'ZBBNHVHBB00492W', 'COLOMBIA', 'TECNOLOGÍA', 'ALEJANDRO BOTERO', '', '', '', '05/11/2014', '', ''),
(382, 15, 'CO00431', 'HA17H9NL344025J', 'COLOMBIA', 'TECNOLOGÍA', 'TECNOLOGIA', '', '', '', '05/11/2014', '', ''),
(383, 163, 'CO00432', 'CN-0WH317-72872-76D-2FEL', 'COLOMBIA', 'TECNOLOGÍA', 'TECNOLOGIA', '', '', '', '05/11/2014', '', ''),
(384, 163, 'CO00433', 'CN-0WH317-72872-76D-1YUL', 'COLOMBIA', 'TECNOLOGÍA', 'TECNOLOGIA', '', '', '', '05/11/2014', '', ''),
(385, 163, 'CO00434', 'CN-0WH317-72872-76D-1FJL', 'COLOMBIA', 'TECNOLOGÍA', 'TECNOLOGIA', '', '', '', '05/11/2014', '', ''),
(386, 163, 'CO00435', 'CN-0WH317-72872-697-0DDL', 'COLOMBIA', 'TECNOLOGÍA', 'TECNOLOGIA', '', '', '', '05/11/2014', '', ''),
(387, 163, 'CO00436', 'CN-0PH317-72872-76D-2FYL', 'COLOMBIA', 'TECNOLOGÍA', 'TECNOLOGIA', '', '', '', '05/11/2014', '', ''),
(388, 163, 'CO00437', 'CN-0WH317-72872-76D-2FCL', 'COLOMBIA', 'TECNOLOGÍA', 'TECNOLOGIA', '', '', '', '05/11/2014', '', ''),
(389, 163, 'CO00438', 'CN-0WH317-72872-76D-2F8L', 'COLOMBIA', 'TECNOLOGÍA', 'TECNOLOGIA', '', '', '', '05/11/2014', '', ''),
(390, 15, 'CO00439', 'HA17H9NL944861H', 'COLOMBIA', 'TECNOLOGÍA', 'TECNOLOGIA', '', '', '', '05/11/2014', '', ''),
(391, 164, 'CO00440', 'CN-0C5369-64180-45K-1BEH', 'COLOMBIA', 'TECNOLOGÍA', 'TECNOLOGIA', '', '', '', '05/11/2014', '', ''),
(392, 164, 'CO00441', 'CN-0C5369-64180-45T-3JNH', 'COLOMBIA', 'TECNOLOGÍA', 'TECNOLOGIA', '', '', '', '05/11/2014', '', ''),
(393, 49, 'CO00442', 'CN-0TP222-73731-781-E93C', 'COLOMBIA', 'TECNOLOGÍA', 'TECNOLOGIA', '', '', '', '05/11/2014', '', ''),
(394, 27, 'CO00443', 'CN-0RY979-74261-812-41LS', 'COLOMBIA', 'TECNOLOGÍA', 'TECNOLOGIA', '', '', '', '05/11/2014', '', ''),
(395, 27, 'CO00444', 'CN-0G248H-74261-87M-4NKS-A00', 'COLOMBIA', 'TECNOLOGÍA', 'TECNOLOGIA', '', '', '', '05/11/2014', '', ''),
(396, 139, 'CO00445', 'BQYVW12', 'COLOMBIA', 'PRODUCTO', 'LAURA BARRERA', '', '', '', '05/11/2014', '', ''),
(397, 139, 'CO00446', 'BQRWW12', 'COLOMBIA', 'PRODUCTO', 'HEIDY GOMEZ', '', '', '', '05/11/2014', '', ''),
(398, 139, 'CO00447', 'BRFTW12', 'COLOMBIA', 'PRODUCTO', 'XIMENA RAMIREZ', '', '', '', '05/11/2014', '', ''),
(399, 165, 'CO00448', 'G0F5CB1', 'COLOMBIA', 'TECNOLOGÍA', 'TECNOLOGIA', '', '', '', '05/11/2014', '', ''),
(400, 81, 'CO00449', '516G4D1', 'COLOMBIA', 'TECNOLOGÍA', 'TECNOLOGIA', '', '', '', '05/11/2014', '', ''),
(401, 53, 'CO00450', 'FAP21B3U13006584', 'COLOMBIA', 'CALI', 'TECNOLOGIA', '', '', '', '05/11/2014', '', ''),
(402, 32, 'CO00451', 'DG9LYV1', 'COLOMBIA', 'TECNOLOGÍA', 'TECNOLOGIA', '', '', '', '06/11/2014', '', ''),
(403, 72, 'CO00452', 'CND8F5S2XG', 'COLOMBIA', 'TECNOLOGÍA', 'TECNOLOGIA', '', '', '', '06/11/2014', '', ''),
(404, 73, 'CO00453', '2RQN3Z1', 'COLOMBIA', 'TECNOLOGÍA', 'TECNOLOGIA', '', '', '', '06/11/2014', '', ''),
(405, 73, 'CO00454', 'H3Q5312', 'COLOMBIA', 'MERCADEO', 'JUAN CARLOS MONTOYA', '', '', '', '06/11/2014', '', ''),
(406, 44, 'CO00455', 'CNRK475930', 'COLOMBIA', 'TECNOLOGÍA', 'TECNOLOGIA', '', '', '', '06/11/2014', '', ''),
(407, 167, 'CO00456', 'R109AHA061945', 'COLOMBIA', 'TECNOLOGÍA', 'TECNOLOGIA', '', '', '', '06/11/2014', '', ''),
(408, 168, 'CO00457', 'CNN6151JKJ', 'COLOMBIA', 'TECNOLOGÍA', 'TECNOLOGIA', '', '', '', '06/11/2014', '', ''),
(409, 78, 'CO00458', 'ZBBNHVHBB00348K', 'COLOMBIA', 'TECNOLOGÍA', 'TECNOLOGIA', '', '', '', '06/11/2014', '', ''),
(410, 169, 'CO00459', 'ETL180910252700638PQ43', 'COLOMBIA', 'TECNOLOGÍA', 'TECNOLOGIA', '', '', '', '06/11/2014', '', ''),
(411, 170, 'CO00460', '', 'COLOMBIA', 'TECNOLOGÍA', 'TECNOLOGIA', '', '', '', '06/11/2014', '', ''),
(412, 52, 'CO00461', 'FGT60D4613053290', 'COLOMBIA', 'TECNOLOGÍA', 'TECNOLOGIA', '', '', '', '06/11/2014', '', ''),
(413, 52, 'CO00462', 'FGT60D4613051814', 'COLOMBIA', 'TECNOLOGÍA', 'TECNOLOGIA', '', '', '', '06/11/2014', '', ''),
(414, 52, 'CO00085', 'FGT60D4613053594', 'COLOMBIA', 'TESORO', 'TECNOLOGIA', '', '', '', '06/11/2014', '', ''),
(415, 171, 'CO00463', 'FGT90D3Z13012133', 'COLOMBIA', 'TECNOLOGÍA', 'TECNOLOGIA', '', '', '', '06/11/2014', '', ''),
(416, 171, 'CO00464', 'FGT90D3Z13012159', 'COLOMBIA', 'TECNOLOGÍA', 'TECNOLOGIA', '', '', '', '06/11/2014', '', ''),
(417, 53, 'CO00465', 'FAP21B3U13006551', 'COLOMBIA', 'TECNOLOGÍA', 'TECNOLOGIA', '', '', '', '06/11/2014', '', ''),
(418, 53, 'CO00466', 'FAP21B3U13006153', 'COLOMBIA', 'TECNOLOGÍA', 'TECNOLOGIA', '', '', '', '06/11/2014', '', ''),
(419, 53, 'CO00467', 'FAP21B3U13006744', 'COLOMBIA', 'TECNOLOGÍA', 'TECNOLOGIA', '', '', '', '06/11/2014', '', ''),
(420, 53, 'CO00468', 'FAP21B3U13006177', 'COLOMBIA', 'TECNOLOGÍA', 'TECNOLOGIA', '', '', '', '06/11/2014', '', ''),
(421, 66, 'CO00469', '0004F2EC5454', 'COLOMBIA', 'TECNOLOGÍA', 'TECNOLOGIA', '', '', '', '06/11/2014', '', ''),
(422, 66, 'CO00470', '0004F2E55483', 'COLOMBIA', 'TECNOLOGÍA', 'TECNOLOGIA', '', '', '', '06/11/2014', '', ''),
(423, 172, 'CO00471', '10474SREYA', 'COLOMBIA', 'ADMINISTRATIVO', 'TECNOLOGIA', '', '', '', '06/11/2014', '', ''),
(424, 173, 'CO00472', '10453XC4BA', 'COLOMBIA', 'ADMINISTRATIVO', 'TECNOLOGIA', '', '', '', '06/11/2014', '', ''),
(425, 71, 'CO00473', '000B820BC5B5', 'COLOMBIA', 'TECNOLOGÍA', 'TECNOLOGIA', '', '', '', '06/11/2014', '', ''),
(426, 35, 'CO00474', '000B820F85C5', 'COLOMBIA', 'ADMINISTRATIVO', 'JENIFER ANDREA BURITICA', '', '', '', '06/11/2014', '', ''),
(427, 174, 'CO00475', '0004F216403B', 'COLOMBIA', 'ADMINISTRATIVO', 'JENNIFER ANDREA MONA GARCIA', '', '', '', '06/11/2014', '', ''),
(428, 4, 'CO00476', '0004F21B1438', 'COLOMBIA', 'TECNOLOGÍA', 'TECNOLOGIA', '', '', '', '06/11/2014', '', ''),
(429, 4, 'CO00477', '0004F217526B', 'COLOMBIA', 'TECNOLOGÍA', 'TECNOLOGIA', '', '', '', '06/11/2014', '', ''),
(430, 175, 'CO00478', 'E05IA52500461', 'COLOMBIA', 'TECNOLOGÍA', 'TECNOLOGIA', '', '', '', '06/11/2014', '', ''),
(431, 176, 'CO00479', '7HBAC821465', 'COLOMBIA', 'TECNOLOGÍA', 'TECNOLOGIA', '', '', '', '06/11/2014', '', ''),
(432, 35, 'CO00480', '000B820F857D', 'COLOMBIA', 'TECNOLOGÍA', 'TECNOLOGIA', '', '', '', '06/11/2014', '', ''),
(433, 26, 'CO00615', 'NRHMT-WTJ4Y-TM3TY-KQDYW-RX6XQ', 'COLOMBIA', 'TECNOLOGÍA', 'ANDRES ACEVEDO', '', '', '', '11/11/2014', '', ''),
(434, 35, 'CO00482', '000B820F8460', 'COLOMBIA', 'TECNOLOGÍA', 'TECNOLOGIA', '', '', '', '06/11/2014', '', ''),
(435, 35, 'CO00483', '000B820F85CA', 'COLOMBIA', 'TECNOLOGÍA', 'TECNOLOGIA', '', '', '', '06/11/2014', '', ''),
(436, 35, 'CO00484', '000B820F85CC', 'COLOMBIA', 'TECNOLOGÍA', 'TECNOLOGIA', '', '', '', '06/11/2014', '', ''),
(437, 71, 'CO00485', '000B820BC5BC', 'COLOMBIA', 'TECNOLOGÍA', 'TECNOLOGIA', '', '', '', '06/11/2014', '', ''),
(438, 71, 'CO00486', '000B820BC5B1', 'COLOMBIA', 'TECNOLOGÍA', 'TECNOLOGIA', '', '', '', '06/11/2014', '', ''),
(439, 177, 'CO00487', '44NR0279', 'COLOMBIA', 'TECNOLOGÍA', 'TECNOLOGIA', '', '', '', '07/11/2014', '', ''),
(440, 4, 'CO00488', '0004F21548BC', 'COLOMBIA', 'TECNOLOGÍA', 'TECNOLOGIA', '', '', '', '07/11/2014', '', ''),
(441, 4, 'CO00489', '0004F2193E9B', 'COLOMBIA', 'TECNOLOGÍA', 'TECNOLOGIA', '', '', '', '07/11/2014', '', ''),
(442, 178, 'CO00490', 'W2083400028E', 'COLOMBIA', 'TECNOLOGÍA', 'TECNOLOGIA', '', '', '', '07/11/2014', '', ''),
(443, 179, 'CO00491', '6936810', 'COLOMBIA', 'TECNOLOGÍA', 'TECNOLOGIA', '', '', '', '07/11/2014', '', ''),
(444, 25, 'CO00492', 'CN-0TP219-64180-77R-337S', 'COLOMBIA', 'TECNOLOGÍA', 'TECNOLOGIA', '', '', '', '07/11/2014', '', '');
INSERT INTO `inventario` (`id`, `activo`, `barcode`, `serial`, `pais`, `departamento`, `responsable`, `fecha_compra`, `fecha_garantia`, `tipo_garantia`, `fecha_ingreso`, `fecha_egreso`, `comentario_inventario`) VALUES
(445, 180, 'CO00493', '2J21YQ1', 'COLOMBIA', 'TECNOLOGÍA', 'TECNOLOGIA', '', '', '', '07/11/2014', '', ''),
(446, 181, 'CO00494', '9X1WQ51', 'COLOMBIA', 'TECNOLOGÍA', 'TECNOLOGIA', '', '', '', '07/11/2014', '', ''),
(447, 181, 'CO00495', '5BJWC91', 'COLOMBIA', 'TECNOLOGÍA', 'TECNOLOGIA', '', '', '', '07/11/2014', '', ''),
(448, 81, 'CO00496', 'FQVPFD1', 'COLOMBIA', 'TECNOLOGÍA', 'TECNOLOGIA', '', '', '', '07/11/2014', '', ''),
(449, 81, 'CO00497', 'FLM9FC1', 'COLOMBIA', 'TECNOLOGÍA', 'TECNOLOGIA', '', '', '', '07/11/2014', '', ''),
(450, 182, 'CO00498', 'DE13130200066', 'COLOMBIA', 'TECNOLOGÍA', 'TECNOLOGIA', '', '', '', '07/11/2014', '', ''),
(451, 182, 'CO00499', 'DE13130200034', 'COLOMBIA', 'TECNOLOGÍA', 'TECNOLOGIA', '', '', '', '07/11/2014', '', ''),
(452, 183, 'CO00500', 'CN-0HC545-46633-681-9J8S', 'COLOMBIA', 'TECNOLOGÍA', 'TECNOLOGIA', '', '', '', '07/11/2014', '', ''),
(453, 163, 'CO00501', 'CN-0WH317-72872-692-262T', 'COLOMBIA', 'TECNOLOGÍA', 'TECNOLOGIA', '', '', '', '07/11/2014', '', ''),
(454, 161, 'CO00502', '92R9BD1', 'COLOMBIA', 'TECNOLOGÍA', 'TECNOLOGIA', '', '', '', '07/11/2014', '', ''),
(455, 81, 'CO00503', '8QVPFD1', 'COLOMBIA', 'TECNOLOGÍA', 'TECNOLOGIA', '', '', '', '07/11/2014', '', ''),
(456, 81, 'CO00504', '6QVPFD1', 'COLOMBIA', 'TECNOLOGÍA', 'TECNOLOGIA', '', '', '', '07/11/2014', '', ''),
(457, 102, 'CO00505', 'KGR66V2D309598W', 'COLOMBIA', 'TECNOLOGÍA', 'TECNOLOGIA', '', '', '', '07/11/2014', '', ''),
(458, 87, 'CO00506', '691HF61', 'COLOMBIA', 'TECNOLOGÍA', 'TECNOLOGIA', '', '', '', '07/11/2014', '', ''),
(459, 87, 'CO00507', '300XY51', 'COLOMBIA', 'TECNOLOGÍA', 'TECNOLOGIA', '', '', '', '07/11/2014', '', ''),
(460, 70, 'CO00508', '39S1GH1', 'COLOMBIA', 'TECNOLOGÍA', 'TECNOLOGIA', '', '', '', '07/11/2014', '', ''),
(461, 70, 'CO00509', 'F42VFH1', 'COLOMBIA', 'TECNOLOGÍA', 'TECNOLOGIA', '', '', '', '07/11/2014', '', ''),
(462, 70, 'CO00510', 'BB2VFH1', 'COLOMBIA', 'TECNOLOGÍA', 'TECNOLOGIA', '', '', '', '07/11/2014', '', ''),
(463, 70, 'CO00511', '9LL37M1', 'COLOMBIA', 'TECNOLOGÍA', 'TECNOLOGIA', '', '', '', '07/11/2014', '', ''),
(464, 70, 'CO00512', 'H42VFH1', 'COLOMBIA', 'TECNOLOGÍA', 'TECNOLOGIA', '', '', '', '07/11/2014', '', ''),
(465, 70, 'CO00513', 'CGL37M1', 'COLOMBIA', 'TECNOLOGÍA', 'TECNOLOGIA', '', '', '', '07/11/2014', '', ''),
(466, 166, 'CO00514', '', 'COLOMBIA', 'TECNOLOGÍA', 'TECNOLOGIA', '', '', '', '07/11/2014', '', ''),
(467, 184, 'CO00515', '', 'COLOMBIA', 'TECNOLOGÍA', 'TECNOLOGIA', '', '', '', '10/11/2014', '', ''),
(468, 185, 'CO00516', 'SC86N3520F9H5', 'COLOMBIA', 'TECNOLOGÍA', 'TECNOLOGIA', '', '', '', '10/11/2014', '', ''),
(469, 186, 'CO00517', 'XCQDW-BWG8P-TTGY8-6MCVK-X29T6', 'COLOMBIA', 'TECNOLOGÍA', 'TECNOLOGIA', '', '', '', '10/11/2014', '', ''),
(470, 186, 'CO00518', 'P2TBJ-X6MWW-M38JP-42KCC-CKVXQ', 'COLOMBIA', 'TECNOLOGÍA', 'TECNOLOGIA', '', '', '', '10/11/2014', '', ''),
(471, 186, 'CO00519', 'Q7WPX-GY772-DJRW9-4Q96R-XJ8JF', 'COLOMBIA', 'TECNOLOGÍA', 'TECNOLOGIA', '', '', '', '10/11/2014', '', ''),
(472, 186, 'CO00520', 'H8HB8-T4Q7T-TD92F-6CWVK-34RVM', 'COLOMBIA', 'TECNOLOGÍA', 'TECNOLOGIA', '', '', '', '10/11/2014', '', ''),
(473, 186, 'CO00521', 'DYYGB-DYJ3C-BYQ8J-RTK92-T3R3B', 'COLOMBIA', 'TECNOLOGÍA', 'MARCELA AYALA', '', '', '', '10/11/2014', '', ''),
(474, 186, 'CO00522', 'D7H8C-8F2GG-9YFRM-D76FF-F63GJ', 'COLOMBIA', 'TECNOLOGÍA', 'CALL CENTER', '', '', '', '10/11/2014', '', ''),
(475, 186, 'CO00523', '2R22Q-FR7DJ-VJFB7-VV6R8-86KM8', 'COLOMBIA', 'TECNOLOGÍA', 'ANDRES PELAEZ', '', '', '', '10/11/2014', '', ''),
(476, 186, 'CO00524', 'XFTGD-KTFMR-P876G-HGH6R-7FWKX', 'COLOMBIA', 'TECNOLOGÍA', 'JUAN PELAEZ', '', '', '', '10/11/2014', '', ''),
(477, 186, 'CO00525', '7TH8W-H3YGF-WKQ6F-YF4V7-MJYCH', 'COLOMBIA', 'TECNOLOGÍA', 'CAMILO LONDOÑO', '', '', '', '10/11/2014', '', ''),
(478, 186, 'CO00526', '4DRQ6-J4FFT-GM4T3-R4XVW-8Q8VV', 'COLOMBIA', 'TECNOLOGÍA', 'LIZETH RAMIREZ', '', '', '', '10/11/2014', '', ''),
(479, 186, 'CO00527', '32R9B-WFJM4-QMPPF-M2XPR-TKQJ6', 'COLOMBIA', 'TECNOLOGÍA', 'JENNIFER ANDREA MONA GARCIA', '', '', '', '10/11/2014', '', ''),
(480, 186, 'CO00528', 'C6FYH-M9DMX-YG2QH-HTHRX-F9HKV', 'COLOMBIA', 'TECNOLOGÍA', 'FACTURACION 2', '', '', '', '10/11/2014', '', ''),
(481, 186, 'CO00529', '24Y3Y-GRCQF-37H97-3QTVY-DXK6W', 'COLOMBIA', 'TECNOLOGÍA', 'ALEXANDRA VASQUEZ', '', '', '', '10/11/2014', '', ''),
(482, 186, 'CO00530', 'D3VPX-HX93P-766YJ-D94BX-MH69T', 'COLOMBIA', 'TECNOLOGÍA', 'CLAUDIA DAVID', '', '', '', '10/11/2014', '', ''),
(483, 186, 'CO00531', '7KW7T-XXF4J-TG9RB-D9T4T-JK3FC', 'COLOMBIA', 'TECNOLOGÍA', 'DIANA RODRIGUEZ', '', '', '', '10/11/2014', '', ''),
(484, 186, 'CO00532', 'J34FB-JQXX8-XYJ98-HMRJV-JMG88', 'COLOMBIA', 'TECNOLOGÍA', 'JHON ORTIZ', '', '', '', '10/11/2014', '', ''),
(485, 186, 'CO00533', '2KB74-34VTT-6HRYY-VWT2P-BYMG8', 'COLOMBIA', 'TECNOLOGÍA', 'ALEXANDER CARDENAS', '', '', '', '10/11/2014', '', ''),
(486, 186, 'CO00534', '2PX8X-YJWD6-WQFQJ-8BCPJ-RQY34', 'COLOMBIA', 'TECNOLOGÍA', 'ALEJANDRA RESTREPO', '', '', '', '10/11/2014', '', ''),
(487, 186, 'CO00535', '23J33-8GBXH-VGFRD-WBVM9-KWCKB', 'COLOMBIA', 'TECNOLOGÍA', 'MAURICIO RIVERA', '', '', '', '10/11/2014', '', ''),
(488, 186, 'CO00536', 'J4RKR-BFBHR-C2QWC-HQ89C-PWB47', 'COLOMBIA', 'TECNOLOGÍA', 'EDWIN BOTERO', '', '', '', '10/11/2014', '', ''),
(489, 186, 'CO00537', 'XH2F6-JC9CM-WYHBW-G3JXB-C6JHJ', 'COLOMBIA', 'TECNOLOGÍA', 'MARILUZ DUQUE', '', '', '', '10/11/2014', '', ''),
(490, 186, 'CO00538', '83RYY-9T7GQ-6M7MP-QWTXF-RYFHB', 'COLOMBIA', 'TECNOLOGÍA', 'MONICA RAMIREZ', '', '', '', '10/11/2014', '', ''),
(491, 186, 'CO00539', 'MKKJH-338V4-WD46D-P8Q3K-FTPR8', 'COLOMBIA', 'TECNOLOGÍA', 'PAULA LARREA', '', '', '', '10/11/2014', '', ''),
(492, 186, 'CO00540', 'V8GYQ-YYVBB-YGCHP-H9RRJ-QP6WQ', 'COLOMBIA', 'TECNOLOGÍA', 'NORA ESCOBAR', '', '', '', '10/11/2014', '', ''),
(493, 186, 'CO00541', '89CFJ-2Q3W8-PBHKD-VJBTX-494J8', 'COLOMBIA', 'TECNOLOGÍA', 'ESTEBAN JARAMILLO', '', '', '', '10/11/2014', '', ''),
(494, 186, 'CO00542', 'RFB79-QKGYQ-VVBC8-788XV-MQT8F', 'COLOMBIA', 'TECNOLOGÍA', 'XIOMARA DUQUE', '', '', '', '10/11/2014', '', ''),
(495, 186, 'CO00543', 'D8VT4-JRQ7P-CBVYC-QXKR4-34BG6', 'COLOMBIA', 'TECNOLOGÍA', 'JESSICA BELTRAN', '', '', '', '10/11/2014', '', ''),
(496, 186, 'CO00544', 'TFTQJ-CTRXP-M6JX4-YC8CJ-M98QH', 'COLOMBIA', 'TECNOLOGÍA', 'LILLIBETH VALDERRAMA HERNANDEZ', '', '', '', '10/11/2014', '', ''),
(497, 186, 'CO00545', '6K7TD-PRBKJ-96CQR-967PH-9TX2H', 'COLOMBIA', 'TECNOLOGÍA', 'JENIFER ANDREA BURITICA', '', '', '', '10/11/2014', '', ''),
(498, 186, 'CO00546', 'P277T-CGCD7-3R3G8-JV663-JBM2D', 'COLOMBIA', 'TECNOLOGÍA', 'MARIA FERNANDA BUILES', '', '', '', '10/11/2014', '', ''),
(499, 186, 'CO00547', 'MR7WK-FVRQB-66HXV-VV3MD-DTWPX', 'COLOMBIA', 'TECNOLOGÍA', 'GLORIA VALENCIA', '', '', '', '10/11/2014', '', ''),
(500, 186, 'CO00548', 'W347C-CF9MK-76GBF-9T8KT-4XRFH', 'COLOMBIA', 'TECNOLOGÍA', 'HOVER HERRERA', '', '', '', '10/11/2014', '', ''),
(501, 186, 'CO00549', '7YHJF-VDR49-HBY8F-286PR-89M3P', 'COLOMBIA', 'TECNOLOGÍA', 'KAREN CARO', '', '', '', '10/11/2014', '', ''),
(502, 186, 'CO00550', '2YM7T-PMWQC-MGYHH-3KP8Y-D32XH', 'COLOMBIA', 'TECNOLOGÍA', 'GUSTAVO CANO', '', '', '', '10/11/2014', '', ''),
(503, 186, 'CO00551', '74VRD-FVD74-VYCBM-K69W4-9WVFX', 'COLOMBIA', 'TECNOLOGÍA', 'GLOVIRONIA MEJIA', '', '', '', '10/11/2014', '', ''),
(504, 186, 'CO00552', 'V7Y37-9CPH2-KM2RK-647PP-TFJ68', 'COLOMBIA', 'TECNOLOGÍA', 'ANA OCHOA', '', '', '', '10/11/2014', '', ''),
(505, 187, 'CO00553', 'RB228-MD8B2-KCQCH-C3R4Y-QHCVP', 'COLOMBIA', 'TECNOLOGÍA', 'CARLOS ANDRES GIRALDO', '', '', '', '10/11/2014', '', ''),
(506, 188, 'CO00554', 'YP6TD-V2DC6-8BV4D-4Q22H-YYH2J', 'COLOMBIA', 'TECNOLOGÍA', 'TECNOLOGIA', '', '', '', '10/11/2014', '', ''),
(507, 191, 'CO00555', 'F264G-YNHG2-69B4Q-83CTM-B4DTQ', 'COLOMBIA', 'TECNOLOGÍA', 'ELIZABETH LOPEZ', '', '', '', '10/11/2014', '', ''),
(508, 191, 'CO00556', 'K7FHQ-N73YH-83GR8-HYYRJ-W4Y23', 'COLOMBIA', 'TECNOLOGÍA', 'NATALIA MARIN', '', '', '', '10/11/2014', '', ''),
(509, 191, 'CO00557', 'QYTNJ-8XMTW-YXC4Y-QYQBD-3PB23', 'COLOMBIA', 'TECNOLOGÍA', 'MAURICIO GARCIA', '', '', '', '10/11/2014', '', ''),
(510, 191, 'CO00558', '9YN3K-WD9F7-WGH3Q-JX66P-27GKD', 'COLOMBIA', 'TECNOLOGÍA', 'YEIMMYS VARGAS', '', '', '', '10/11/2014', '', ''),
(511, 191, 'CO00559', 'NXK3H-JCCFP-B6KDK-TTJPD-MDTKD', 'COLOMBIA', 'TECNOLOGÍA', 'MANUEL CARDENAS', '', '', '', '10/11/2014', '', ''),
(512, 191, 'CO00560', 'VKBN4-YY6Y-626H3-C7PTQ-PYQTQ', 'COLOMBIA', 'TECNOLOGÍA', 'SANDY PINTOR', '', '', '', '10/11/2014', '', ''),
(513, 191, 'CO00561', 'XPK66-NPV9P-CF3CR-D9X9D-PYQTQ', 'COLOMBIA', 'TECNOLOGÍA', 'CESAR QUINTERO', '', '', '', '10/11/2014', '', ''),
(514, 191, 'CO00562', '3HXYF-BN673-8WXK3-XGVMV-B7RP3', 'COLOMBIA', 'TECNOLOGÍA', 'DIANA RODRIGUEZ', '', '', '', '10/11/2014', '', ''),
(515, 191, 'CO00563', 'G33KN-RDYHD-JKFHK-DVF7T-68X6Q', 'COLOMBIA', 'TECNOLOGÍA', 'HECTOR LONDOÑO', '', '', '', '10/11/2014', '', ''),
(516, 191, 'CO00564', '9B7NT-JJ2WT-CBCXV-6MVY9-Y7RP3', 'COLOMBIA', 'TECNOLOGÍA', 'MARLA MEJIA', '', '', '', '10/11/2014', '', ''),
(517, 191, 'CO00565', 'CKXX8-PNBPQ-F746D-C986D-DV3TQ', 'COLOMBIA', 'TECNOLOGÍA', 'DARWIN LONDOÑO', '', '', '', '10/11/2014', '', ''),
(518, 191, 'CO00566', 'QMNYH-BJP9Q-4W3XQ-VYR78-29VGQ', 'COLOMBIA', 'TECNOLOGÍA', 'CINDY CRUZ', '', '', '', '10/11/2014', '', ''),
(519, 191, 'CO00567', 'W3KN9-9XG3C-D9WC9-378FH-VT7GQ', 'COLOMBIA', 'TECNOLOGÍA', 'CAROLINA GUERRA', '', '', '', '10/11/2014', '', ''),
(520, 191, 'CO00568', 'J2KHN-J8T68-KR682-W8PD4-4X6KD', 'COLOMBIA', 'TECNOLOGÍA', 'ANDRES MEJIA', '', '', '', '10/11/2014', '', ''),
(521, 191, 'CO00569', 'D49NR-BKQW2-TTKQ8-QVYY6-P7GKD', 'COLOMBIA', 'TECNOLOGÍA', 'MAURICIO PEREZ', '', '', '', '10/11/2014', '', ''),
(522, 191, 'CO00570', 'CFDJG-7BNPY-2QFDB-F2VMX-JW89D', 'COLOMBIA', 'TECNOLOGÍA', 'CAROLINA MONTOYA', '', '', '', '10/11/2014', '', ''),
(523, 191, 'CO00571', 'W2NH2-2RPM9-MQF6V-6BJFQ-KKVGQ', 'COLOMBIA', 'TECNOLOGÍA', 'SANTIAGO RAMOS', '', '', '', '10/11/2014', '', ''),
(524, 191, 'CO00572', 'MPN8H-P96FT-WRR89-DJQ68-78M23', 'COLOMBIA', 'TECNOLOGÍA', 'FATIMA POSADA', '', '', '', '10/11/2014', '', ''),
(525, 191, 'CO00573', '2R48T-NBKQW-22VVX-P2J4P-7496Q', 'COLOMBIA', 'TECNOLOGÍA', 'JUAN MONTOYA', '', '', '', '10/11/2014', '', ''),
(526, 191, 'CO00574', 'CNGYH-F9F8X-QQ96J-JDFJF-MWM23', 'COLOMBIA', 'TECNOLOGÍA', 'DIANA SIERRA', '', '', '', '10/11/2014', '', ''),
(527, 191, 'CO00575', '3BKWN-JQPM4-R4B6V-G69XP-D67GQ', 'COLOMBIA', 'TECNOLOGÍA', 'JUAN SEBASTIAN SEGURO', '', '', '', '10/11/2014', '', ''),
(528, 191, 'CO00576', 'C7BK4-X4NCW-T2KHY-G64B9-6CK6Q', 'COLOMBIA', 'TECNOLOGÍA', 'ALEJANDRO BOTERO', '', '', '', '10/11/2014', '', ''),
(529, 191, 'CO00577', 'JF7XN-4KGHD-WXQ6M-JR49B-F889D', 'COLOMBIA', 'TECNOLOGÍA', 'OLGA DEVIA', '', '', '', '10/11/2014', '', ''),
(530, 197, 'CO00578', 'WMFHT-N48TD-WJCQ7-CKXR2-4RDTP', 'COLOMBIA', 'TECNOLOGÍA', 'HEIDY GOMEZ', '', '', '', '11/11/2014', '', ''),
(531, 197, 'CO00579', 'D3XNC-2PDT9-PW8KJ-9GTJD-VXJC2', 'COLOMBIA', 'TECNOLOGÍA', 'LAURA BARRERA', '', '', '', '11/11/2014', '', ''),
(532, 197, 'CO00580', 'QNGVF-RD9WW-TB9BH-CJPR6-QYFP2', 'COLOMBIA', 'TECNOLOGÍA', 'CARLOS GOMEZ', '', '', '', '11/11/2014', '', ''),
(533, 197, 'CO00581', 'DRYQN-XXPXX-RHF8V-Y363T-CGWC2', 'COLOMBIA', 'TECNOLOGÍA', 'XIMENA RAMIREZ', '', '', '', '11/11/2014', '', ''),
(534, 198, 'CO00582', '2RRKX-76PKK-M6DQF-3WFD7-BKCKT', 'COLOMBIA', 'TECNOLOGÍA', 'ANGELA RESTREPO', '', '', '', '11/11/2014', '', ''),
(535, 198, 'CO00583', '7R39V-47HMC-KT8CB-TBFFD-BFJ73', 'COLOMBIA', 'TECNOLOGÍA', 'JUAN SEBASTIAN SEGURO', '', '', '', '11/11/2014', '', ''),
(536, 198, 'CO00584', 'J6K3B-QX8XV-BV249-89Q67-MFDG8', 'COLOMBIA', 'TECNOLOGÍA', 'TECNOLOGIA', '', '', '', '11/11/2014', '', ''),
(537, 198, 'CO00585', 'RD847-J3HQ6-B3TK4-4832K-8C689', 'COLOMBIA', 'TECNOLOGÍA', 'TECNOLOGIA', '', '', '', '11/11/2014', '', ''),
(538, 198, 'CO00586', 'C9VXC-9Q8BR-C64C6-6CF9D-8WRFP', 'COLOMBIA', 'TECNOLOGÍA', 'ANA RIVERA', '', '', '', '11/11/2014', '', ''),
(539, 198, 'CO00587', 'QY7FX-D2DTP-Y7VGC-BDHVM-TGR36', 'COLOMBIA', 'TECNOLOGÍA', 'DIANA SALDARRIAGA', '', '', '', '11/11/2014', '', ''),
(540, 198, 'CO00588', 'DX9W9-7M663-PDPK6-H8HCV-46FJY', 'COLOMBIA', 'TECNOLOGÍA', 'MARIA SUAREZ', '', '', '', '11/11/2014', '', ''),
(541, 198, 'CO00589', 'TMY9M-MF7DC-BBK84-FRW48-8RVF4', 'COLOMBIA', 'TECNOLOGÍA', 'LAURA VALENCIA', '', '', '', '11/11/2014', '', ''),
(542, 198, 'CO00590', 'P8MFF-CK8Q3-8XHMJ-FKGB6-CFJTW', 'COLOMBIA', 'TECNOLOGÍA', 'MONICA RAMIREZ', '', '', '', '11/11/2014', '', ''),
(543, 198, 'CO00591', '2MFHV-8F64Y-Y2MVQ-VHPGQ-34JBH', 'COLOMBIA', 'TECNOLOGÍA', 'LINA BEDOYA', '', '', '', '11/11/2014', '', ''),
(544, 198, 'CO00592', 'Q2KPV-VVKMD-7KQFJ-WMPXR-F9DKD', 'COLOMBIA', 'TECNOLOGÍA', 'PAULA BALLESTEROS', '', '', '', '11/11/2014', '', ''),
(545, 198, 'CO00593', 'BRRC4-G6XBX-BYHRR-86PMQ-RKW6H', 'COLOMBIA', 'TECNOLOGÍA', 'CAROLINA GALLEGO', '', '', '', '11/11/2014', '', ''),
(546, 198, 'CO00594', 'RJX6G-4KK9K-QT3JF-J68FX-3MF3G', 'COLOMBIA', 'TECNOLOGÍA', 'CAROL OBANDO', '', '', '', '11/11/2014', '', ''),
(547, 198, 'CO00595', 'TV2R6-7PTJK-3VVHY-XYPKR-2WTPM', 'COLOMBIA', 'TECNOLOGÍA', 'LUISA RAMIREZ', '', '', '', '11/11/2014', '', ''),
(548, 198, 'CO00596', 'C7DMG-Q24K9-PT47D-DT28X-3RBPY', 'COLOMBIA', 'TECNOLOGÍA', 'DIANA HERNANDEZ', '', '', '', '11/11/2014', '', ''),
(549, 198, 'CO00597', '7W4FT-VDFF3-FHDY8-VKB3D-JF3QC', 'COLOMBIA', 'TECNOLOGÍA', 'NATACHA LASTRE', '', '', '', '11/11/2014', '', ''),
(550, 198, 'CO00598', 'CQVPT-VFQKW-KJ3J3-C6Q9D-J79WM', 'COLOMBIA', 'TECNOLOGÍA', 'CRISTINA VALDERRAMA', '', '', '', '11/11/2014', '', ''),
(551, 198, 'CO00599', 'TV6PK-J4YRF-XJF39-PY82M-GHVD6', 'COLOMBIA', 'TECNOLOGÍA', 'LUISA ZAPATA', '', '', '', '11/11/2014', '', ''),
(552, 198, 'CO00600', 'YR72P-6PD7C-9TTMB-XT6PK-8FMBK', 'COLOMBIA', 'TECNOLOGÍA', 'LUISA GONZALES', '', '', '', '11/11/2014', '', ''),
(553, 198, 'CO00601', 'YRPGG-P4D4M-48PQ2-B3RCH-WHGC6', 'COLOMBIA', 'TECNOLOGÍA', 'VIRGINIA HERRERA', '', '', '', '11/11/2014', '', ''),
(554, 198, 'CO00602', 'MPHF7-DJDD9-FD9QM-PBPHQ-4C93J', 'COLOMBIA', 'TECNOLOGÍA', 'CLAUDIA GARCIA', '', '', '', '11/11/2014', '', ''),
(555, 198, 'CO00603', 'TKYKC-PD62P-HJF2G-P8D6H-BD27B', 'COLOMBIA', 'TECNOLOGÍA', 'LAURA MONSALVE', '', '', '', '11/11/2014', '', ''),
(556, 198, 'CO00604', 'VRJ4G-YFG32-72PRR-TW8MJ-XTKKM', 'COLOMBIA', 'TECNOLOGÍA', 'JULIAN GARCIA', '', '', '', '11/11/2014', '', ''),
(557, 198, 'CO00605', 'J4RTM-HG87X-23JBK-BTG92-DPK2W', 'COLOMBIA', 'TECNOLOGÍA', 'SEBASTIAN OSPINA', '', '', '', '11/11/2014', '', ''),
(558, 198, 'CO00606', 'VVKHF-MMRQ9-J78GQ-2YDYV-BFKFM', 'COLOMBIA', 'TECNOLOGÍA', 'DANIEL CARDENAS', '', '', '', '11/11/2014', '', ''),
(559, 198, 'CO00607', 'FCXFK-THB2B-PRD4J-WT2P9-FHQVK', 'COLOMBIA', 'TECNOLOGÍA', 'SEBASTIAN RAMIREZ', '', '', '', '11/11/2014', '', ''),
(560, 199, 'CO00608', 'MAC: 1407-0783-5686-6630-6546-28', 'COLOMBIA', 'TECNOLOGÍA', 'TECNOLOGIA', '', '', '', '11/11/2014', '', ''),
(561, 69, 'CO00609', 'MAC: 1408-0966-5440-5644-9507-37', 'COLOMBIA', 'TECNOLOGÍA', 'JORGE ALBERTO MONTOYA QUIROZ', '', '', '', '11/11/2014', '', ''),
(562, 60, 'CO00610', 'MAC: 1543-0560-4167-1157-6782-93', 'COLOMBIA', 'TECNOLOGÍA', 'ANDRES MONTOYA', '', '', '', '11/11/2014', '', ''),
(563, 39, 'CO00611', '2VTJ-3KNP-NLQ9-DN24', 'COLOMBIA', 'TECNOLOGÍA', 'DARWIN LONDOÑO', '', '', '', '11/11/2014', '', ''),
(564, 40, 'CO00612', '6LJWY7H7PAWF', 'COLOMBIA', 'TECNOLOGÍA', 'MERCADEO', '', '', '', '11/11/2014', '', ''),
(565, 82, 'PE00010', 'IA000060TN11098SC', 'PERÚ', 'LIMA', 'MICHEL VASQUEZ', '', '', '', '11/11/2014', '', ''),
(566, 83, 'CO00614', 'K3944T2C-Y2MGKWBP-VS1YQNHW-BPF9F', 'COLOMBIA', 'TECNOLOGÍA', 'MERCADEO', '', '', '', '11/11/2014', '', ''),
(567, 28, 'PE00009', '6D7RY-X6R7G-KQX2K-R3RYW-6PRB2', 'PERÚ', 'LIMA', 'TECNOLOGIA', '', '', '', '11/11/2014', '', ''),
(568, 30, 'CO00616', '004305575', 'COLOMBIA', 'TECNOLOGÍA', 'GLORIA VALENCIA', '', '', '', '11/11/2014', '', ''),
(569, 55, 'CO00617', '1016-1184-0190-8263-442-4583', 'COLOMBIA', 'TECNOLOGÍA', 'TECNOLOGIA', '', '', '', '11/11/2014', '', ''),
(570, 55, 'CO00618', '1016-1196-9874-2636-4239-3423', 'COLOMBIA', 'TECNOLOGÍA', 'TECNOLOGIA', '', '', '', '11/11/2014', '', ''),
(571, 55, 'CO00619', '1016-1638-4274-8347-0666-9165', 'COLOMBIA', 'TECNOLOGÍA', 'TECNOLOGIA', '', '', '', '11/11/2014', '', ''),
(572, 55, 'CO00620', '1016-1849-6220-8145-5493-2575', 'COLOMBIA', 'TECNOLOGÍA', 'TECNOLOGIA', '', '', '', '11/11/2014', '', ''),
(573, 55, 'CO00621', '1016-1950-8175-9414-1059-2583', 'COLOMBIA', 'TECNOLOGÍA', 'TECNOLOGIA', '', '', '', '11/11/2014', '', ''),
(574, 55, 'CO00622', '1016-1960-8991-8904-8747-5338', 'COLOMBIA', 'TECNOLOGÍA', 'TECNOLOGIA', '', '', '', '11/11/2014', '', ''),
(575, 147, 'CO00623', '', 'COLOMBIA', 'TECNOLOGÍA', 'TECNOLOGIA', '', '', '', '11/11/2014', '', ''),
(576, 131, 'CO00624', 'OPEN LICENSE: 48720070', 'COLOMBIA', 'TECNOLOGÍA', 'TECNOLOGIA', '', '', '', '11/11/2014', '', ''),
(577, 134, 'CO00625', 'OPEN LICENSE: 62158385', 'COLOMBIA', 'TECNOLOGÍA', 'TECNOLOGIA', '', '', '', '11/11/2014', '', ''),
(578, 141, 'CO00626', 'OPEN LICENSE: 64048591', 'COLOMBIA', 'TECNOLOGÍA', 'TECNOLOGIA', '', '', '', '11/11/2014', '', ''),
(579, 142, 'CO00688', '', 'COLOMBIA', 'TECNOLOGÍA', 'TECNOLOGIA', '', '', '', '12/11/2014', '', ''),
(580, 128, 'CO00689', '', 'COLOMBIA', 'TECNOLOGÍA', 'TECNOLOGIA', '', '', '', '12/11/2014', '', ''),
(581, 144, 'CO00690', '', 'COLOMBIA', 'TECNOLOGÍA', 'TECNOLOGIA', '', '', '', '12/11/2014', '', ''),
(582, 145, 'CO00691', '', 'COLOMBIA', 'TECNOLOGÍA', 'TECNOLOGIA', '', '', '', '12/11/2014', '', ''),
(583, 90, 'PE00001', 'HXWT8-DK42Y-4QHKF-7P698-JVKQC', 'PERÚ', 'LIMA', 'VANESSA GUTIERREZ', '', '', '', '13/11/2014', '', ''),
(584, 90, 'PE00002', 'PYTD8-JHD7P-P9RKX-C4R4F-9DW38', 'PERÚ', 'LIMA', 'ITALA CORDANO', '', '', '', '13/11/2014', '', ''),
(585, 84, 'PE00003', 'KFTNY-QRQT6-7BGR6-49YFD-PYQTQ', 'PERÚ', 'LIMA', 'GISELLA ALVA', '', '', '', '13/11/2014', '', ''),
(586, 10, 'CO00640', '', 'COLOMBIA', 'CALI', 'CALI', '', '', '', '10/11/2014', '', ''),
(587, 10, 'CO00641', '0004F220E33D', 'COLOMBIA', 'CALI', 'HECTOR LONDOÑO', '', '', '', '10/11/2014', '', ''),
(588, 73, 'CO00642', '9YP5312', 'COLOMBIA', 'CALI', 'HECTOR LONDOÑO', '', '', '', '10/11/2014', '', ''),
(589, 31, 'CO00643', 'CNJ2R14942', 'COLOMBIA', 'CALI', 'CALI', '', '', '', '10/11/2014', '', ''),
(590, 190, 'CO00644', '0739602623', 'COLOMBIA', 'CALI', 'CALI', '', '', '', '10/11/2014', '', ''),
(591, 192, 'CO00645', '', 'COLOMBIA', 'CALI', 'CALI', '', '', '', '10/11/2014', '', ''),
(592, 193, 'CO00646', '83601014', 'COLOMBIA', 'CALI', 'CALI', '', '', '', '10/11/2014', '', ''),
(593, 81, 'CO00647', 'BQVPFD1', 'COLOMBIA', 'CALI', 'CALI', '', '', '', '10/11/2014', '', ''),
(594, 194, 'CO00648', 'CNN63721CK', 'COLOMBIA', 'CALI', 'CALI', '', '', '', '10/11/2014', '', ''),
(595, 10, 'CO00649', '004F2154A8A', 'COLOMBIA', 'CALI', 'CALI', '', '', '', '10/11/2014', '', ''),
(596, 195, 'CO00650', '0422A2A06145', 'COLOMBIA', 'CALI', 'CALI', '', '', '', '10/11/2014', '', ''),
(597, 27, 'CO00651', 'CN-OTP222-73731-781-FPC', 'COLOMBIA', 'CALI', 'ZUJEIDY ALI', '', '', '', '10/11/2014', '', ''),
(598, 11, 'CO00652', '9V43MC1', 'COLOMBIA', 'CALI', 'ZUJEIDY ALI', '', '', '', '10/11/2014', '', ''),
(599, 196, 'CO00653', '', 'COLOMBIA', 'CALI', 'CALI', '', '', '', '10/11/2014', '', ''),
(600, 7, 'CO00654', 'JYLF8Y1', 'COLOMBIA', 'BOGOTÁ', 'BOGOTA', '', '', '', '12/11/2014', '', ''),
(601, 57, 'CO00655', 'BRBS8Z4NP', 'COLOMBIA', 'BOGOTÁ', 'BOGOTA', '', '', '', '12/11/2014', '', ''),
(602, 81, 'CO00656', '9QVPFD1', 'COLOMBIA', 'BOGOTÁ', 'BOGOTA', '', '', '', '12/11/2014', '', ''),
(603, 22, 'CO00657', 'LB15HMAY712986F', 'COLOMBIA', 'BOGOTÁ', 'BOGOTA', '', '', '', '12/11/2014', '', ''),
(604, 70, 'CO00658', '7D9H7M1', 'COLOMBIA', 'BOGOTÁ', 'BOGOTA', '', '', '', '12/11/2014', '', ''),
(605, 70, 'CO00659', '3WBB7M1', 'COLOMBIA', 'BOGOTÁ', 'BOGOTA', '', '', '', '12/11/2014', '', ''),
(606, 124, 'CO00660', '', 'COLOMBIA', 'BOGOTÁ', 'BOGOTA', '', '', '', '12/11/2014', '', ''),
(607, 23, 'CO00661', 'CNG899B0YJ', 'COLOMBIA', 'BOGOTÁ', 'BOGOTA', '', '', '', '12/11/2014', '', ''),
(608, 7, 'CO00662', 'JYLM8Y1', 'COLOMBIA', 'BOGOTÁ', 'BOGOTA', '', '', '', '12/11/2014', '', ''),
(609, 10, 'CO00663', '0004F21549F6', 'COLOMBIA', 'BOGOTÁ', 'BOGOTA', '', '', '', '12/11/2014', '', ''),
(610, 73, 'CO00664', '7QQN3Z1', 'COLOMBIA', 'BOGOTÁ', 'DIANA RODRIGUEZ', '', '', '', '12/11/2014', '', ''),
(611, 10, 'CO00665', '0004F2174D05', 'COLOMBIA', 'BOGOTÁ', 'DIANA RODRIGUEZ', '', '', '', '12/11/2014', '', ''),
(612, 66, 'CO00666', '0004F2E26D59', 'COLOMBIA', 'BOGOTÁ', 'BOGOTA', '', '', '', '12/11/2014', '', ''),
(613, 7, 'CO00667', '92RPDZ1', 'COLOMBIA', 'BOGOTÁ', 'SANDY PINTOR', '', '', '', '12/11/2014', '', ''),
(614, 10, 'CO00668', '0004F2154928', 'COLOMBIA', 'BOGOTÁ', 'SANDY PINTOR', '', '', '', '12/11/2014', '', ''),
(615, 24, 'CO00669', 'CNC8F1B055', 'COLOMBIA', 'BOGOTÁ', 'BOGOTA', '', '', '', '12/11/2014', '', ''),
(616, 31, 'CO00670', 'CNJ2R11884', 'COLOMBIA', 'BOGOTÁ', 'BOGOTA', '', '', '', '12/11/2014', '', ''),
(617, 73, 'CO00671', '5SQN3Z1', 'COLOMBIA', 'BOGOTÁ', 'MANUEL CARDENAS', '', '', '', '12/11/2014', '', ''),
(618, 4, 'CO00672', '0004F22712EB', 'COLOMBIA', 'BOGOTÁ', 'MANUEL CARDENAS', '', '', '', '12/11/2014', '', ''),
(619, 11, 'CO00673', 'FTZSGD1', 'COLOMBIA', 'BOGOTÁ', 'JESSICA BELTRAN', '', '', '', '12/11/2014', '', ''),
(620, 27, 'CO00674', 'CNT-OTP222-73731-77S-5M2C', 'COLOMBIA', 'BOGOTÁ', 'JESSICA BELTRAN', '', '', '', '12/11/2014', '', ''),
(621, 35, 'CO00675', '1FA400FF011013A', 'COLOMBIA', 'BOGOTÁ', 'JESSICA BELTRAN', '', '', '', '12/11/2014', '', ''),
(622, 73, 'CO00676', '9PQN3Z1', 'COLOMBIA', 'BOGOTÁ', 'CAROLINA GUERRA', '', '', '', '13/11/2014', '', ''),
(623, 10, 'CO00677', '0004F21B7D39', 'COLOMBIA', 'BOGOTÁ', 'CAROLINA GUERRA', '', '', '', '13/11/2014', '', ''),
(624, 4, 'CO00678', '0004F2206575', 'COLOMBIA', 'BOGOTÁ', 'CINDY CRUZ', '', '', '', '13/11/2014', '', ''),
(625, 10, 'CO00679', '0004F215B95A', 'COLOMBIA', 'BOGOTÁ', 'MONICA RAMIREZ', '', '', '', '13/11/2014', '', ''),
(626, 149, 'CO00680', '', 'COLOMBIA', 'BOGOTÁ', 'BOGOTA', '', '', '', '13/11/2014', '', ''),
(627, 150, 'CO00681', '6C75030155', 'COLOMBIA', 'BOGOTÁ', 'BOGOTA', '', '', '', '13/11/2014', '', ''),
(628, 152, 'CO00682', '78WWDR1', 'COLOMBIA', 'BOGOTÁ', 'MONICA RAMIREZ', '', '', '', '13/11/2014', '', ''),
(629, 151, 'CO00683', 'NC00022600', 'COLOMBIA', 'BOGOTÁ', 'BOGOTA', '', '', '', '13/11/2014', '', ''),
(630, 101, 'CO00684', 'YQX606915122', 'COLOMBIA', 'BOGOTÁ', 'BOGOTA', '', '', '', '13/11/2014', '', ''),
(631, 96, 'CO00685', '13588107741', 'COLOMBIA', 'BOGOTÁ', 'JUAN PELAEZ', '', '', '', '13/11/2014', '', ''),
(632, 4, 'CO00686', '0004F210370', 'COLOMBIA', 'BOGOTÁ', 'JUAN PELAEZ', '', '', '', '13/11/2014', '', ''),
(633, 58, 'CO00692', '', 'COLOMBIA', 'BOGOTÁ', 'BOGOTA', '', '', '', '13/11/2014', '', ''),
(634, 84, 'PE00004', 'YDDPN-284Q8-YB6TB-HHG4W-JFDTQ', 'PERÚ', 'LIMA', 'ROSANA GUERRA', '', '', '', '13/11/2014', '', ''),
(635, 84, 'PE00005', 'GRFCD-NXPGV-2CW7C-9MP6X-JW89D', 'PERÚ', 'LIMA', 'RICARDO PAZ', '', '', '', '13/11/2014', '', ''),
(636, 84, 'PE00006', 'RNB98-H7C9J-9GHJT-QDM48-QC8C3', 'PERÚ', 'LIMA', 'MARIA RIOS', '', '', '', '13/11/2014', '', ''),
(637, 84, 'PE00007', 'QRX6Q-MNTW4-BQ9D3-KP8GR-6Q4P3', 'PERÚ', 'LIMA', 'SANDRO YBAZETA', '', '', '', '13/11/2014', '', ''),
(638, 84, 'PE00008', 'CJDNT-GF4CH-R9TWG-YXF3H-CYQTQ', 'PERÚ', 'LIMA', 'JULIO DEL CARPIO', '', '', '', '13/11/2014', '', ''),
(639, 47, 'CO00613', 'IA000020TN02087QO', 'COLOMBIA', 'TECNOLOGÍA', 'TECNOLOGIA', '', '', '', '13/11/2014', '', ''),
(640, 16, 'CO00078', '', 'COLOMBIA', 'MERCADEO', 'MERCADEO', '', '', '', '15/09/2014', '', ''),
(641, 16, 'CO00079', '', 'COLOMBIA', 'MERCADEO', 'ANDRES FELIPE MONTOYA', '', '', '', '15/09/2014', '', ''),
(642, 16, 'CO00080', '', 'COLOMBIA', 'MERCADEO', 'JUAN MONTOYA', '', '', '', '15/09/2014', '', ''),
(643, 17, 'CO00081', 'DG7311312TYDR05A5', 'COLOMBIA', 'MERCADEO', 'ANDRES FELIPE MONTOYA', '', '', '', '15/09/2014', '', ''),
(644, 17, 'CO00082', 'DG7311313HEDR05AJ', 'COLOMBIA', 'MERCADEO', 'JUAN MONTOYA', '', '', '', '15/09/2014', '', ''),
(645, 18, 'CO00083', 'CC22103000EDQW7A8', 'COLOMBIA', 'MERCADEO', 'MERCADEO', '', '', '', '15/09/2014', '', ''),
(646, 20, '', 'TODOS (102)', 'COLOMBIA', 'TECNOLOGÍA', 'TECNOLOGIA', '', '', '', '18/11/2014', '', ''),
(647, 21, '', 'TODOS (113)', 'COLOMBIA', 'TECNOLOGÍA', 'TECNOLOGIA', '', '', '', '18/11/2014', '', ''),
(648, 36, '', 'GW0Q1Y1', 'COLOMBIA', 'BARRANQUILLA', 'YEIMMYS VARGAS', '', '', '', '19/11/2014', '', ''),
(649, 72, 'CO00030', 'CND8F5S82M', 'COLOMBIA', 'TESORO', 'CALL CENTER', '', '', '', '19/11/2014', '', ''),
(650, 7, 'CO00086', '92RNDZ1', 'COLOMBIA', 'TESORO', 'JHON ORTIZ', '', '', '', '19/11/2014', '', ''),
(651, 31, 'CO00088', 'CNJ2R15019', 'COLOMBIA', 'TECNOLOGÍA', 'TECNOLOGIA', '', '', '', '20/11/2014', '', ''),
(652, 34, '', 'TODOS (55)', 'COLOMBIA', 'TECNOLOGÍA', 'TECNOLOGIA', '', '', '', '20/11/2014', '', ''),
(653, 5, '', '', 'Colombia', 'asdsd', 'asda', '', '', '', '', '', ''),
(654, 5, '', '', 'Colombia', 'asdsd', 'asda', '', '', '', '', '', ''),
(655, 5, '', '', 'Colombia', 'asdsd', 'asda', '', '', '', '', '', ''),
(656, 5, '', '', 'Colombia', 'asdsd', 'asda', '', '', '', '', '', ''),
(657, 200, 'lala', 'lala', 'Colombia', 'lala', 'lala', '', '', '', '', '', ''),
(658, 0, '', '', '', '', '', '', '', '', '', '', ''),
(659, 0, '', '', '', '', '', '', '', '', '', '', ''),
(660, 0, '', '', '', '', '', '', '', '', '', '', ''),
(661, 0, '', '', '', '', '', '', '', '', '', '', ''),
(662, 0, '', '', '', '', '', '', '', '', '', '', ''),
(663, 0, '', '', '', '', '', '', '', '', '', '', ''),
(664, 0, '', '', '', '', '', '', '', '', '', '', '');

-- --------------------------------------------------------

--
-- Estructura de tabla para la tabla `mantenimiento`
--

CREATE TABLE IF NOT EXISTS `mantenimiento` (
  `id` int(11) NOT NULL AUTO_INCREMENT,
  `inventario` int(11) NOT NULL,
  `tarea` varchar(128) NOT NULL,
  `fecha_programada` date NOT NULL,
  `fecha_realizada` date NOT NULL,
  `comentarios` varchar(256) NOT NULL,
  PRIMARY KEY (`id`),
  KEY `inventario` (`inventario`),
  KEY `inventario_2` (`inventario`),
  KEY `inventario_3` (`inventario`)
) ENGINE=InnoDB DEFAULT CHARSET=latin1 AUTO_INCREMENT=1 ;

/*!40101 SET CHARACTER_SET_CLIENT=@OLD_CHARACTER_SET_CLIENT */;
/*!40101 SET CHARACTER_SET_RESULTS=@OLD_CHARACTER_SET_RESULTS */;
/*!40101 SET COLLATION_CONNECTION=@OLD_COLLATION_CONNECTION */;
